date,discharge_m3s
2019-03-06,30.72
2019-03-07,30.16
2019-03-08,31.706666666666667
2019-03-09,33.25333333333333
2019-03-13,39.44
2019-03-14,41.24
2019-03-15,44.962500000000006
2019-03-16,48.685
2019-03-18,56.13
2019-03-19,86.41
2019-03-20,83.29
2019-03-21,64.35
2019-03-22,65.75666666666666
2019-03-23,67.16333333333333
2019-03-24,68.57
2019-03-25,67.02499999999999
2019-03-26,65.47999999999999
2019-03-28,62.39
2019-03-29,57.54333333333334
2019-03-30,52.696666666666665
2019-03-31,47.85
2019-04-01,46.92
2019-04-02,47.87
2019-04-03,45.295
2019-04-04,42.72
2019-04-05,38.34333333333333
2019-04-06,33.96666666666667
2019-04-07,29.59
2019-04-08,30.16
2019-04-09,30.73
2019-04-10,28.48
2019-04-11,26.785
2019-04-12,25.09
2019-04-14,21.7
2019-04-15,21.514285714285712
2019-04-16,21.32857142857143
2019-04-28,19.1
2019-04-29,20.66
2019-04-30,21.725
2019-05-01,22.79
2019-05-02,22.0125
2019-05-03,21.235
2019-05-05,19.68
2019-05-06,19.68
2019-05-07,19.68
2019-05-27,19.68
2019-05-28,19.6934693877551
2019-05-29,19.706938775510203
2019-09-02,21.0
2019-09-03,20.9
2019-09-04,21.1
2019-09-05,21.2
2019-09-06,20.266666666666666
2019-09-07,19.33333333333333
2019-09-08,18.4
2019-09-09,18.1
2019-09-10,17.8
2019-09-11,17.8
2019-09-12,17.9
2019-09-13,17.866666666666667
2019-09-14,17.833333333333332
2019-09-15,17.8
2019-09-16,18.0
2019-09-17,18.0
2019-09-18,18.2
2019-09-19,18.4
2019-09-20,17.53333333333333
2019-09-21,16.666666666666668
2019-09-22,15.8
2019-09-23,15.4
2019-09-24,12.2
2019-09-25,11.7
2019-09-26,13.45
2019-09-27,15.2
2019-09-29,18.7
2019-09-30,18.8
2019-10-01,20.5
2019-10-02,22.6
2019-10-03,23.3
2019-10-04,23.23333333333333
2019-10-05,23.166666666666668
2019-10-06,23.1
2019-10-07,21.75
2019-10-08,20.4
2019-10-09,19.85
2019-10-10,19.3
2019-10-11,18.23333333333333
2019-10-12,17.166666666666668
2019-10-13,16.1
2019-10-14,16.3
2019-10-15,15.7
2019-10-16,16.4
2019-10-17,17.1
2019-10-18,17.1
2019-10-19,17.1
2019-10-20,17.1
2019-10-21,16.266666666666666
2019-10-22,15.433333333333334
2019-10-23,14.6
2019-10-24,14.2
2019-10-25,14.466666666666669
2019-10-26,14.733333333333333
2019-10-27,15.0
2019-10-28,15.4
2019-10-29,15.4
2019-10-30,15.98
2019-10-31,16.560000000000002
2019-11-03,18.3
2019-11-04,23.9
2019-11-05,26.7
2019-11-06,24.4
2019-11-07,24.975
2019-11-08,25.55
2019-11-10,26.7
2019-11-11,41.6
2019-11-12,40.0
2019-11-13,31.9
2019-11-14,28.8
2019-11-15,30.23333333333333
2019-11-16,31.666666666666668
2019-11-17,33.1
2019-11-18,38.5
2019-11-19,33.4
2019-11-20,27.2
2019-11-21,24.5
2019-11-22,25.0
2019-11-23,25.5
2019-11-24,26.0
2019-11-25,23.9
2019-11-26,22.8
2019-11-27,21.7
2019-11-28,21.3
2019-11-29,20.7
2019-11-30,20.1
2019-12-01,19.5
2019-12-02,25.6
2019-12-03,36.3
2019-12-04,38.2
2019-12-05,51.8
2019-12-06,49.16666666666666
2019-12-07,46.53333333333333
2019-12-08,43.9
2019-12-09,38.8
2019-12-10,36.8
2019-12-11,38.0
2019-12-12,35.0
2019-12-13,34.733333333333334
2019-12-14,34.46666666666667
2019-12-15,34.2
2019-12-16,41.0
2019-12-17,41.5
2019-12-18,37.9
2019-12-19,39.6
2019-12-20,42.35
2019-12-21,45.1
2019-12-25,56.1
2019-12-26,53.5
2019-12-27,53.66666666666666
2019-12-28,53.833333333333336
2019-12-29,54.0
2019-12-30,53.3
2019-12-31,55.6
2020-01-01,57.9
2020-01-02,72.2
2020-01-03,72.96666666666667
2020-01-04,73.73333333333333
2020-01-05,74.5
2020-01-06,79.6
2020-01-07,62.1
2020-01-08,50.3
2020-01-09,45.6
2020-01-10,48.23333333333333
2020-01-11,50.86666666666667
2020-01-12,53.5
2020-01-13,48.3
2020-01-14,50.5
2020-01-15,48.2
2020-01-16,50.3
2020-01-17,46.33333333333333
2020-01-18,42.36666666666667
2020-01-19,38.4
2020-01-20,39.8
2020-01-21,46.8
2020-01-22,48.7
2020-01-23,55.3
2020-01-24,49.83333333333333
2020-01-25,44.36666666666667
2020-01-26,38.9
2020-01-27,37.4
2020-01-28,39.5
2020-01-29,39.7
2020-01-30,39.0
2020-01-31,43.0
2020-02-01,47.0
2020-02-02,51.0
2020-02-03,55.6
2020-02-04,68.9
2020-02-05,65.9
2020-02-06,68.8
2020-02-07,70.06666666666666
2020-02-08,71.33333333333333
2020-02-09,72.6
2020-02-10,79.7
2020-02-11,77.6
2020-02-12,81.9
2020-02-13,82.2
2020-02-14,81.96666666666667
2020-02-15,81.73333333333333
2020-02-16,81.5
2020-02-17,61.8
2020-02-18,65.1
2020-02-19,57.4
2020-02-20,57.9
2020-02-21,58.8
2020-02-22,59.7
2020-02-23,60.6
2020-02-24,62.2
2020-02-25,63.8
2020-02-26,55.9
2020-02-27,52.4
2020-02-28,54.4
2020-02-29,56.4
2020-03-01,58.4
2020-03-02,55.4
2020-03-03,64.3
2020-03-04,54.5
2020-03-05,53.3
2020-03-06,54.5
2020-03-07,55.7
2020-03-08,56.9
2020-03-09,47.5
2020-03-10,44.1
2020-03-11,43.7
2020-03-12,46.9
2020-03-13,50.73333333333333
2020-03-14,54.56666666666666
2020-03-15,58.4
2020-03-16,66.8
2020-03-17,74.2
2020-03-18,64.0
2020-03-19,58.2
2020-03-20,60.5
2020-03-21,62.8
2020-03-22,65.1
2020-03-23,61.0
2020-03-24,56.4
2020-03-25,59.0
2020-03-26,53.4
2020-03-27,53.8
2020-03-28,54.2
2020-03-29,54.6
2020-03-30,48.8
2020-03-31,47.7
2020-04-01,49.4
2020-04-02,47.5
2020-04-03,41.1
2020-04-04,46.45
2020-04-05,51.8
2020-04-06,59.7
2020-04-07,50.0
2020-04-08,54.6
2020-04-09,50.9
2020-04-10,47.1
2020-04-11,43.3
2020-04-12,39.5
2020-04-13,36.9
2020-04-14,34.6
2020-04-15,32.9
2020-04-16,31.5
2020-04-17,31.03333333333333
2020-04-18,30.566666666666663
2020-04-19,30.1
2020-04-20,29.9
2020-04-21,28.4
2020-04-22,27.5
2020-04-23,27.5
2020-04-24,27.03333333333333
2020-04-25,26.566666666666663
2020-04-26,26.1
2020-04-27,26.1
2020-04-28,25.0
2020-04-29,23.5
2020-04-30,22.6
2020-05-01,23.166666666666668
2020-05-02,23.73333333333333
2020-05-03,24.3
2020-05-04,26.9
2020-05-05,27.7
2020-05-06,24.3
2020-05-07,23.9
2020-05-08,23.33333333333333
2020-05-09,22.766666666666666
2020-05-10,22.2
2020-05-11,20.5
2020-05-12,19.2
2020-05-13,18.2
2020-05-14,17.6
2020-05-15,17.3
2020-05-16,17.0
2020-05-17,16.7
2020-05-18,16.2
2020-05-19,15.9
2020-05-20,15.5
2020-05-21,15.3
2020-05-22,15.233333333333334
2020-05-23,15.166666666666666
2020-05-24,15.1
2020-05-25,14.4
2020-05-26,13.6
2020-05-27,13.2
2020-05-28,13.2
2020-05-29,13.0
2020-05-30,12.8
2020-05-31,12.6
2020-06-01,12.4
2020-06-02,11.8
2020-06-03,11.9
2020-06-04,12.1
2020-06-05,12.333333333333334
2020-06-06,12.566666666666666
2020-06-07,12.8
2020-06-08,12.5
2020-06-09,12.0
2020-06-10,11.6
2020-06-11,11.4
2020-06-12,11.266666666666667
2020-06-13,11.133333333333333
2020-06-14,11.0
2020-06-15,10.7
2020-06-16,10.7
2020-06-17,10.7
2020-06-18,10.5
2020-06-19,10.733333333333333
2020-06-20,10.966666666666669
2020-06-21,11.2
2020-06-22,10.3
2020-06-23,10.4
2020-06-24,9.8
2020-06-25,9.8
2020-06-26,9.733333333333334
2020-06-27,9.666666666666666
2020-06-28,9.6
2020-06-29,9.4
2020-06-30,9.1
2020-07-01,9.1
2020-07-02,9.1
2020-07-03,9.066666666666666
2020-07-04,9.033333333333331
2020-07-05,9.0
2020-07-06,9.1
2020-07-07,9.1
2020-07-08,9.1
2020-07-09,8.9
2020-07-10,8.8
2020-07-11,8.7
2020-07-12,8.6
2020-07-13,8.8
2020-07-14,8.9
2020-07-15,8.9
2020-07-16,8.7
2020-07-17,8.6
2020-07-18,8.5
2020-07-19,8.4
2020-07-20,8.2
2020-07-21,8.1
2020-07-22,8.1
2020-07-23,8.1
2020-07-24,8.0
2020-07-25,7.899999999999999
2020-07-26,7.8
2020-07-27,7.699999999999999
2020-07-28,7.6
2020-07-29,7.9
2020-07-30,7.9
2020-07-31,7.866666666666667
2020-08-01,7.833333333333333
2020-08-02,7.8
2020-08-03,7.6
2020-08-04,7.5
2020-08-05,7.5
2020-08-06,7.4
2020-08-07,8.633333333333333
2020-08-08,9.866666666666667
2020-08-09,11.1
2020-08-10,11.2
2020-08-11,11.8
2020-08-12,11.4
2020-08-13,11.3
2020-08-14,12.166666666666668
2020-08-15,13.033333333333331
2020-08-16,13.9
2020-08-17,13.7
2020-08-18,13.5
2020-08-19,13.6
2020-08-20,13.8
2020-08-21,14.033333333333331
2020-08-22,14.266666666666667
2020-08-23,14.5
2020-08-24,14.4
2020-08-25,14.5
2020-08-26,14.6
2020-08-27,14.4
2020-08-28,15.133333333333336
2020-08-29,15.866666666666667
2020-08-30,16.6
2020-08-31,15.9
2020-09-01,15.7
2020-09-02,15.6
2020-09-03,15.7
2020-09-04,16.466666666666665
2020-09-05,17.233333333333334
2020-09-06,18.0
2020-09-07,18.5
2020-09-08,20.0
2020-09-09,21.1
2020-09-10,20.4
2020-09-11,19.6
2020-09-12,18.8
2020-09-13,18.0
2020-09-14,17.9
2020-09-15,17.7
2020-09-16,18.4
2020-09-17,17.9
2020-09-18,17.724999999999998
2020-09-19,17.549999999999997
2020-09-21,17.2
2020-09-22,17.3
2020-09-23,17.3
2020-09-24,17.3
2020-09-25,17.366666666666667
2020-09-26,17.433333333333334
2020-09-27,17.5
2020-09-28,17.6
2020-09-29,18.5
2020-09-30,18.7
2020-10-01,17.9
2020-10-02,18.433333333333337
2020-10-03,18.966666666666665
2020-10-04,19.5
2020-10-05,20.1
2020-10-06,20.1
2020-10-07,20.2
2020-10-08,19.8
2020-10-09,19.83333333333333
2020-10-10,19.866666666666667
2020-10-11,19.9
2020-10-12,20.1
2020-10-13,19.6
2020-10-14,19.8
2020-10-15,21.1
2020-10-16,21.26666666666667
2020-10-17,21.433333333333337
2020-10-18,21.6
2020-10-19,20.5
2020-10-20,19.5
2020-10-21,19.2
2020-10-22,19.0
2020-10-23,19.666666666666668
2020-10-24,20.33333333333333
2020-10-25,21.0
2020-10-26,20.1
2020-10-27,19.5
2020-10-28,18.8
2020-10-29,18.5
2020-10-30,19.03333333333333
2020-10-31,19.566666666666663
2020-11-01,20.1
2020-11-02,21.2
2020-11-03,20.8
2020-11-04,20.3
2020-11-05,19.8
2020-11-06,19.8
2020-11-07,19.8
2020-11-08,19.8
2020-11-09,20.3
2020-11-10,20.7
2020-11-11,20.6
2020-11-12,20.7
2020-11-13,20.8
2020-11-14,20.9
2020-11-15,21.0
2020-11-16,21.8
2020-11-17,20.9
2020-11-18,20.2
2020-11-19,20.7
2020-11-20,20.633333333333333
2020-11-21,20.566666666666663
2020-11-22,20.5
2020-11-23,21.0
2020-11-24,21.5
2020-11-25,22.1
2020-11-26,22.9
2020-11-27,23.73333333333333
2020-11-28,24.566666666666663
2020-11-29,25.4
2020-11-30,23.5
2020-12-01,21.6
2020-12-02,19.9
2020-12-03,18.8
2020-12-04,20.433333333333337
2020-12-05,22.066666666666663
2020-12-06,23.7
2020-12-07,23.4
2020-12-08,23.1
2020-12-09,21.0
2020-12-10,19.7
2020-12-11,18.6
2020-12-12,17.5
2020-12-13,16.4
2020-12-14,16.0
2020-12-15,14.6
2020-12-16,14.5
2020-12-17,14.7
2020-12-18,15.4
2020-12-19,16.1
2020-12-20,16.8
2020-12-21,16.7
2020-12-22,19.8
2020-12-23,19.2
2020-12-24,22.95
2020-12-25,26.700000000000003
2020-12-27,34.2
2020-12-28,34.1
2020-12-29,37.4
2020-12-30,33.7
2020-12-31,35.85
2021-01-01,38.0
2021-01-03,42.3
2021-01-04,39.4
2021-01-05,40.7
2021-01-06,36.3
2021-01-07,41.3
2021-01-08,39.06666666666666
2021-01-09,36.833333333333336
2021-01-10,34.6
2021-01-11,30.2
2021-01-12,30.1
2021-01-13,35.9
2021-01-14,46.3
2021-01-15,53.23333333333333
2021-01-16,60.16666666666666
2021-01-17,67.1
2021-01-18,63.6
2021-01-19,56.8
2021-01-20,68.1
2021-01-21,84.5
2021-01-22,70.2
2021-01-23,55.9
2021-01-24,61.0
2021-01-25,53.9
2021-01-26,51.4
2021-01-27,44.8
2021-01-28,38.0
2021-01-29,36.2
2021-01-30,34.4
2021-01-31,32.6
2021-02-01,33.0
2021-02-02,34.7
2021-02-03,43.5
2021-02-04,44.3
2021-02-05,45.33333333333333
2021-02-06,46.36666666666667
2021-02-07,47.4
2021-02-08,47.2
2021-02-09,41.6
2021-02-10,41.3
2021-02-11,44.3
2021-02-12,48.43333333333333
2021-02-13,52.56666666666667
2021-02-14,56.7
2021-02-15,49.8
2021-02-16,46.0
2021-02-17,47.1
2021-02-18,47.1
2021-02-19,49.63333333333333
2021-02-20,52.16666666666667
2021-02-21,54.7
2021-02-22,48.5
2021-02-23,45.8
2021-02-24,40.1
2021-02-25,35.4
2021-02-26,35.43333333333333
2021-02-27,35.46666666666667
2021-02-28,35.5
2021-03-01,32.3
2021-03-02,30.2
2021-03-03,31.5
2021-03-04,32.1
2021-03-05,36.7
2021-03-06,41.3
2021-03-07,45.9
2021-03-08,41.0
2021-03-09,39.7
2021-03-10,35.5
2021-03-11,30.6
2021-03-12,35.5
2021-03-13,40.4
2021-03-14,45.3
2021-03-15,44.1
2021-03-16,47.5
2021-03-17,45.0
2021-03-18,48.0
2021-03-19,49.3
2021-03-20,50.6
2021-03-21,51.9
2021-03-22,49.3
2021-03-23,52.1
2021-03-24,46.6
2021-03-25,42.3
2021-03-26,44.06666666666666
2021-03-27,45.833333333333336
2021-03-28,47.6
2021-03-29,52.3
2021-03-30,50.6
2021-03-31,49.52
2021-04-01,48.440000000000005
2021-04-04,45.2
2021-04-05,46.5
2021-04-06,47.0
2021-04-07,45.4
2021-04-08,46.5
2021-04-09,49.43333333333333
2021-04-10,52.36666666666667
2021-04-11,55.3
2021-04-12,47.0
2021-04-13,43.2
2021-04-14,45.1
2021-04-15,46.4
2021-04-16,41.46666666666667
2021-04-17,36.53333333333333
2021-04-18,31.6
2021-04-19,29.3
2021-04-20,27.5
2021-04-21,27.3
2021-04-22,25.9
2021-04-23,24.73333333333333
2021-04-24,23.566666666666663
2021-04-25,22.4
2021-04-26,21.4
2021-04-27,21.4
2021-04-28,21.3
2021-04-29,20.0
2021-04-30,19.33333333333333
2021-05-01,18.666666666666668
2021-05-02,18.0
2021-05-03,17.5
2021-05-04,17.1
2021-05-05,16.9
2021-05-06,17.0
2021-05-07,17.0
2021-05-08,17.0
2021-05-09,17.0
2021-05-10,15.9
2021-05-11,15.3
2021-05-12,14.8
2021-05-13,14.5
2021-05-14,14.5
2021-05-15,14.5
2021-05-16,14.5
2021-05-17,13.7
2021-05-18,13.4
2021-05-19,13.1
2021-05-20,12.8
2021-05-21,12.566666666666666
2021-05-22,12.333333333333334
2021-05-23,12.1
2021-05-24,14.0
2021-05-25,15.6
2021-05-26,15.0
2021-05-27,13.7
2021-05-28,13.0
2021-05-29,12.3
2021-05-30,11.6
2021-05-31,11.4
2021-06-01,11.3
2021-06-02,10.9
2021-06-03,10.7
2021-06-04,10.633333333333333
2021-06-05,10.566666666666666
2021-06-06,10.5
2021-06-07,10.4
2021-06-08,10.0
2021-06-09,9.9
2021-06-10,9.9
2021-06-11,9.8
2021-06-12,9.7
2021-06-13,9.6
2021-06-14,9.0
2021-06-15,9.0
2021-06-16,9.0
2021-06-17,9.0
2021-06-18,8.933333333333334
2021-06-19,8.866666666666667
2021-06-20,8.8
2021-06-21,8.6
2021-06-22,8.6
2021-06-23,8.5
2021-06-24,8.3
2021-06-25,8.133333333333333
2021-06-26,7.966666666666667
2021-06-27,7.8
2021-06-28,7.75
2021-06-29,7.7
2021-06-30,7.6
2021-07-01,7.5
2021-07-02,7.433333333333334
2021-07-03,7.366666666666666
2021-07-04,7.3
2021-07-05,7.2
2021-07-06,7.0
2021-07-07,6.8
2021-07-08,6.6
2021-07-09,6.666666666666666
2021-07-10,6.733333333333333
2021-07-11,6.8
2021-07-12,6.8
2021-07-13,6.9
2021-07-14,6.7
2021-07-15,6.6
2021-07-16,6.8
2021-07-17,7.0
2021-07-19,7.4
2021-07-20,12.6
2021-07-21,12.4
2021-07-22,12.2
2021-07-23,13.066666666666666
2021-07-24,13.933333333333334
2021-07-25,14.8
2021-07-26,14.6
2021-07-27,14.6
2021-07-28,14.6
2021-07-29,14.6
2021-07-30,15.333333333333334
2021-07-31,16.066666666666666
2021-08-01,16.8
2021-08-02,16.8
2021-08-03,16.7
2021-08-04,16.8
2021-08-05,16.7
2021-08-06,16.599999999999998
2021-08-07,16.5
2021-08-08,16.4
2021-08-09,16.4
2021-08-10,16.3
2021-08-11,16.3
2021-08-12,16.1
2021-08-13,16.133333333333333
2021-08-14,16.166666666666668
2021-08-15,16.2
2021-08-16,16.3
2021-08-17,16.2
2021-08-18,16.0
2021-08-19,15.3
2021-08-20,15.8
2021-08-21,16.3
2021-08-22,16.8
2021-08-23,16.8
2021-08-24,16.7
2021-08-25,16.7
2021-08-26,16.7
2021-08-27,16.675
2021-08-28,16.65
2021-08-30,16.6
2021-08-31,16.6
2021-09-01,16.6
2021-09-02,16.5
2021-09-03,16.566666666666666
2021-09-04,16.633333333333333
2021-09-05,16.7
2021-09-06,16.6
2021-09-07,15.7
2021-09-08,13.9
2021-09-09,13.8
2021-09-10,14.0
2021-09-11,14.2
2021-09-12,14.4
2021-09-13,14.3
2021-09-14,14.6
2021-09-15,15.1
2021-09-16,15.1
2021-09-17,15.033333333333331
2021-09-18,14.966666666666669
2021-09-19,14.9
2021-09-20,14.8
2021-09-21,14.7
2021-09-22,14.6
2021-09-23,14.9
2021-09-24,14.833333333333334
2021-09-25,14.766666666666666
2021-09-26,14.7
2021-09-27,14.4
2021-09-28,13.9
2021-09-29,14.1
2021-09-30,13.7
2021-10-01,13.9
2021-10-02,14.1
2021-10-03,14.3
2021-10-04,14.1
2021-10-05,14.7
2021-10-06,15.7
2021-10-07,15.975
2021-10-08,16.25
2021-10-10,16.8
2021-10-11,16.4
2021-10-12,16.0
2021-10-13,16.1
2021-10-14,14.625
2021-10-15,13.15
2021-10-17,10.2
2021-10-18,10.3
2021-10-19,10.7
2021-10-20,11.2
2021-10-21,11.3
2021-10-22,11.266666666666667
2021-10-23,11.233333333333333
2021-10-24,11.2
2021-10-25,10.9
2021-10-26,11.2
2021-10-27,14.3
2021-10-28,16.2
2021-10-29,16.66
2021-10-30,17.12
2021-11-02,18.5
2021-11-03,17.9
2021-11-04,16.8
2021-11-05,16.633333333333333
2021-11-06,16.46666666666667
2021-11-07,16.3
2021-11-08,15.7
2021-11-09,15.95
2021-11-10,16.2
2021-11-11,15.9
2021-11-12,17.833333333333332
2021-11-13,19.766666666666666
2021-11-14,21.7
2021-11-15,21.9
2021-11-16,20.8
2021-11-17,19.7
2021-11-18,16.0
2021-11-19,16.466666666666665
2021-11-20,16.933333333333334
2021-11-21,17.4
2021-11-22,16.4
2021-11-23,15.4
2021-11-24,16.8
2021-11-25,16.8
2021-11-26,23.53333333333333
2021-11-27,30.266666666666666
2021-11-28,37.0
2021-11-29,36.0
2021-11-30,40.1
2021-12-01,34.4
2021-12-02,33.7
2021-12-03,33.0
2021-12-05,31.6
2021-12-06,45.7
2021-12-07,54.35
2021-12-08,63.0
2021-12-09,56.8
2021-12-10,54.7
2021-12-11,52.6
2021-12-12,50.5
2021-12-13,40.3
2021-12-14,47.4
2021-12-15,50.0
2021-12-16,48.5
2021-12-17,49.8
2021-12-18,51.1
2021-12-19,52.4
2021-12-20,53.9
2021-12-21,59.4
2021-12-22,71.4
2021-12-23,67.2
2021-12-24,63.0
2021-12-26,54.6
2021-12-27,54.8
2021-12-28,53.9
2021-12-29,50.4
2021-12-30,45.6
2021-12-31,41.833333333333336
2022-01-01,38.06666666666666
2022-01-02,34.3
2022-01-03,31.6
2022-01-04,30.5
2022-01-05,32.3
2022-01-06,33.1
2022-01-07,36.16666666666666
2022-01-08,39.23333333333333
2022-01-09,42.3
2022-01-10,40.7
2022-01-11,50.3
2022-01-12,53.9
2022-01-13,48.1
2022-01-14,45.36666666666667
2022-01-15,42.63333333333333
2022-01-16,39.9
2022-01-17,44.98
2022-01-18,50.06
2022-01-21,65.3
2022-01-22,65.46666666666667
2022-01-23,65.63333333333333
2022-01-24,65.8
2022-01-25,64.05
2022-01-26,62.3
2022-01-27,63.2
2022-01-28,64.1
2022-01-30,65.9
2022-01-31,65.75
2022-02-01,65.6
2022-02-03,65.3
2022-02-04,62.83333333333333
2022-02-05,60.36666666666667
2022-02-06,57.9
2022-02-07,57.9
2022-02-08,57.9
2022-02-13,57.9
2022-02-14,57.9
2022-02-15,55.7
2022-02-16,53.5
2022-02-21,42.5
2022-02-22,40.45
2022-02-23,38.4
2022-02-24,99.115
2022-02-25,83.17666666666666
2022-02-26,67.23833333333333
2022-02-27,51.3
2022-02-28,50.57142857142857
2022-03-01,49.84285714285714
2022-03-06,46.2
2022-03-07,45.98571428571429
2022-03-08,45.77142857142857
2022-03-13,44.7
2022-03-14,44.31428571428572
2022-03-15,43.92857142857143
2022-03-20,42.0
2022-03-21,40.9
2022-03-22,39.8
2022-03-23,38.7
2022-03-24,38.400000000000006
2022-03-25,38.1
2022-03-27,37.5
2022-03-28,37.65
2022-03-29,37.8
2022-03-31,38.1
2022-04-01,38.94
2022-04-02,39.78
2022-04-10,46.5
2022-04-11,44.15714285714286
2022-04-12,41.81428571428572
2022-04-17,30.1
2022-04-18,29.557142857142857
2022-04-19,29.01428571428572
2022-04-24,26.3
2022-04-25,25.6375
2022-04-26,24.975
2022-05-02,21.0
2022-05-03,20.933333333333337
2022-05-04,20.866666666666667
2022-05-08,20.6
2022-05-09,20.185714285714287
2022-05-10,19.77142857142857
2022-05-15,17.7
2022-05-16,17.514285714285712
2022-05-17,17.32857142857143
2022-05-22,16.4
2022-05-23,16.285714285714285
2022-05-24,16.17142857142857
2022-05-29,15.6
2022-05-30,15.542857142857144
2022-05-31,15.485714285714286
2022-06-05,15.2
2022-06-06,15.2
2022-06-07,16.133333333333333
2022-06-08,17.066666666666666
2022-06-12,20.8
2022-06-13,20.8
2022-06-14,20.8
2022-06-26,20.8
2022-06-27,20.826772486772487
2022-06-28,20.85354497354497
2023-01-01,25.86
2023-01-02,25.66
2023-01-03,25.76
2023-01-04,27.38
2023-01-05,27.88
2023-01-06,29.08
2023-01-07,26.16
2023-01-08,25.35
2023-01-09,25.45
2023-01-10,24.53
2023-01-11,24.33
2023-01-12,22.06
2023-01-13,21.75
2023-01-14,21.03
2023-01-15,20.19
2023-01-16,20.08
2023-01-17,20.82
2023-01-18,19.88
2023-01-19,19.14
2023-01-20,19.56
2023-01-21,18.93
2023-01-22,19.24
2023-01-23,18.61
2023-01-24,20.08
2023-01-25,21.55
2023-01-26,23.92
2023-01-27,24.13
2023-01-28,25.25
2023-01-29,29.69
2023-01-30,38.32
2023-01-31,36.38
2023-02-01,34.33
2023-02-02,32.66
2023-02-03,37.74
2023-02-04,35.21
2023-02-05,37.16
2023-02-06,34.62
2023-02-07,33.15
2023-02-08,38.11
2023-02-09,39.28
2023-02-10,39.76
2023-02-11,40.05
2023-02-12,38.13
2023-02-13,37.93
2023-02-14,38.9
2023-02-15,39.95
2023-02-16,43.49
2023-02-17,37.35
2023-02-18,34.92
2023-02-19,34.62
2023-02-20,34.43
2023-02-21,34.205714285714286
2023-02-22,33.98142857142857
2023-02-27,32.86
2023-02-28,31.37
2023-03-01,29.88
2023-03-02,28.28
2023-03-03,27.98
2023-03-04,27.78
2023-03-05,27.18
2023-03-06,25.56
2023-03-07,24.84
2023-03-08,24.74
2023-03-09,30.88
2023-03-10,31.67
2023-03-11,27.48
2023-03-12,28.69
2023-03-13,29.48
2023-03-14,36.17
2023-03-15,37.06
2023-03-16,40.53
2023-03-17,41.68
2023-03-18,45.3
2023-03-19,52.95
2023-03-20,56.94
2023-03-21,54.73
2023-03-22,58.96
2023-03-23,58.23
2023-03-24,51.3
2023-03-25,45.39
2023-03-26,41.4
2023-03-27,40.73
2023-03-28,42.35
2023-03-29,43.11
2023-03-30,40.44
2023-03-31,39.86
2023-04-01,37.55
2023-04-02,39.09
2023-04-03,39.0
2023-04-04,36.58
2023-04-05,40.73
2023-04-06,37.35
2023-04-07,34.53
2023-04-08,36.57
2023-04-09,35.89
2023-04-10,35.41
2023-04-11,34.82
2023-04-12,36.96
2023-04-13,34.43
2023-04-14,31.18
2023-04-15,29.49
2023-04-16,29.19
2023-04-17,28.18
2023-04-18,28.99
2023-04-19,27.98
2023-04-20,26.97
2023-04-21,26.77
2023-04-22,25.35
2023-04-23,24.23
2023-04-24,23.51
2023-04-25,21.86
2023-04-26,21.13
2023-04-27,21.13
2023-04-28,20.4
2023-04-29,19.67
2023-04-30,19.88
2023-05-01,19.56
2023-05-02,19.35
2023-05-03,19.67
2023-05-04,20.09
2023-05-05,20.4
2023-05-06,21.55
2023-05-07,24.13
2023-05-08,31.96
2023-05-09,31.67
2023-05-10,29.38
2023-05-11,29.18
2023-05-12,29.48
2023-05-13,28.58
2023-05-14,27.38
2023-05-15,26.37
2023-05-16,24.54
2023-05-17,23.31
2023-05-18,22.38
2023-05-19,21.76
2023-05-20,20.19
2023-05-21,19.88
2023-05-22,18.93
2023-05-23,18.61
2023-05-24,18.29
2023-05-25,18.08
2023-05-26,18.08
2023-05-27,17.97
2023-05-28,17.76
2023-05-29,18.29
2023-05-30,18.29
2023-05-31,17.12
2023-06-01,16.37
2023-06-02,15.94
2023-06-03,15.4
2023-06-04,14.96
2023-06-05,14.42
2023-06-06,14.42
2023-06-07,13.87
2023-06-08,14.09
2023-06-09,13.76
2023-06-10,13.43
2023-06-11,13.32
2023-06-12,13.21
2023-06-13,12.76
2023-06-14,12.88
2023-06-15,12.54
2023-06-16,11.87
2023-06-17,11.42
2023-06-18,11.31
2023-06-19,10.97
2023-06-20,10.97
2023-06-21,10.86
2023-06-22,10.97
2023-06-23,10.63
2023-06-24,10.52
2023-06-25,10.52
2023-06-26,10.06
2023-06-27,9.95
2023-06-28,9.83
2023-06-29,9.6
2023-06-30,9.72
2023-07-01,9.6
2023-07-02,9.6
2023-07-03,9.6
2023-07-04,9.6
2023-07-05,9.6
2023-07-06,9.6
2023-07-07,8.67
2023-07-08,8.09
2023-07-09,7.5
2023-07-10,7.5
2023-07-11,9.93
2023-07-12,13.87
2023-07-13,13.87
2023-07-14,14.31
2023-07-15,14.31
2023-07-16,14.2
2023-07-17,14.09
2023-07-18,14.2
2023-07-19,14.31
2023-07-20,14.2
2023-07-21,16.91
2023-07-22,20.61
2023-07-23,20.5
2023-07-24,20.61
2023-07-25,21.86
2023-07-26,21.55
2023-07-27,21.76
2023-07-28,21.76
2023-07-29,21.65
2023-07-30,21.55
2023-07-31,17.33
2023-08-01,17.33
2023-08-02,17.44
2023-08-03,16.91
2023-08-04,16.91
2023-08-05,16.69
2023-08-06,16.91
2023-08-07,16.48
2023-08-08,16.05
2023-08-09,16.05
2023-08-10,16.05
2023-08-11,16.15
2023-08-12,17.33
2023-08-13,17.97
2023-08-14,17.33
2023-08-15,17.12
2023-08-16,16.69
2023-08-17,16.26
2023-08-18,16.05
2023-08-19,16.48
2023-08-20,16.48
2023-08-21,16.48
2023-08-22,16.48
2023-08-23,16.26
2023-08-24,16.58
2023-08-25,16.58
2023-08-26,16.69
2023-08-27,17.01
2023-08-28,16.91
2023-08-29,17.2025
2023-08-30,17.494999999999997
2023-09-01,18.08
2023-09-02,18.72
2023-09-03,18.4
2023-09-04,18.08
2023-09-05,17.76
2023-09-06,18.72
2023-09-07,21.03
2023-09-08,19.45
2023-09-09,17.23
2023-09-10,16.8
2023-09-11,16.48
2023-09-12,16.60142857142857
2023-09-13,16.722857142857144
2023-09-18,17.33
2023-09-19,17.76
2023-09-20,18.72
2023-09-21,18.5
2023-09-22,17.97
2023-09-23,17.87
2023-09-24,18.29
2023-09-25,18.5
2023-09-26,19.45
2023-09-27,20.4
2023-09-28,20.92
2023-09-29,20.82
2023-09-30,21.44
2023-10-01,21.86
2023-10-02,22.38
2023-10-03,22.07
2023-10-04,21.96
2023-10-05,22.89
2023-10-06,19.98
2023-10-07,22.07
2023-10-08,21.13
2023-10-09,21.96
2023-10-10,22.89
2023-10-11,21.34
2023-10-12,21.86
2023-10-13,21.75
2023-10-14,21.34
2023-10-15,21.23
2023-10-16,20.61
2023-10-17,20.82
2023-10-18,20.61
2023-10-19,19.67
2023-10-20,19.77
2023-10-21,22.58
2023-10-22,19.35
2023-10-23,19.67
2023-10-24,21.24
2023-10-25,21.44
2023-10-26,21.75
2023-10-27,20.71
2023-10-28,19.77
2023-10-29,20.19
2023-10-30,21.13
2023-10-31,21.26260869565217
2023-11-01,21.395217391304342
2023-11-22,24.18
2023-11-23,24.38
2023-11-24,24.01
2023-11-25,26.45
2023-11-26,26.25
2023-11-27,26.94
2023-11-28,29.68
2023-11-29,28.11
2023-11-30,29.02
2023-12-01,37.75
2023-12-02,58.61
2023-12-03,47.49
2023-12-04,40.01
2023-12-05,36.18
2023-12-06,35.02
2023-12-07,32.58
2023-12-08,29.5
2023-12-09,35.81
2023-12-10,37.17
2023-12-11,36.35
2023-12-12,38.86
2023-12-13,42.6
2023-12-14,36.17
2023-12-15,43.75
2023-12-16,54.95
2023-12-17,63.72
2023-12-18,65.51
2023-12-19,51.61
2023-12-20,51.13
2023-12-21,44.16
2023-12-22,40.18
2023-12-23,37.13
2023-12-24,34.32
2023-12-25,32.61
2023-12-26,26.87
2023-12-27,26.52
2023-12-28,26.25
2023-12-29,27.0
2023-12-30,27.18
2023-12-31,28.38
2024-01-01,33.05
2024-01-02,37.03
2024-01-03,40.34
2024-01-04,41.92
2024-01-05,43.72
2024-01-06,43.87
2024-01-07,39.12
2024-01-08,34.76
2024-01-09,32.94
2024-01-10,30.83
2024-01-11,30.13
2024-01-12,27.84
2024-01-13,28.67
2024-01-14,28.09
2024-01-15,29.41
2024-01-16,29.41
2024-01-17,28.48
2024-01-18,31.95
2024-01-19,35.42
2024-01-20,31.97
2024-01-21,33.22
2024-01-22,33.12
2024-01-23,33.01
2024-01-24,37.56
2024-01-25,40.0
2024-01-26,67.32
2024-01-27,50.02
2024-01-28,48.78
2024-01-29,46.85
2024-01-30,32.21
2024-01-31,33.61
2024-02-01,47.57
2024-02-02,47.23
2024-02-03,43.73
2024-02-04,39.64
2024-02-05,35.44
2024-02-06,34.05
2024-02-07,41.62
2024-02-08,42.87
2024-02-09,41.2
2024-02-10,43.4
2024-02-11,42.94
2024-02-12,40.45
2024-02-13,44.17
2024-02-14,47.92
2024-02-15,46.16
2024-02-16,42.51
2024-02-17,39.72
2024-02-18,40.1
2024-02-19,40.68
2024-02-20,50.6
2024-02-21,54.44
2024-02-22,45.08
2024-02-23,42.78
2024-02-24,42.97
2024-02-25,41.09
2024-02-26,39.41
2024-02-27,50.14
2024-02-28,50.46
2024-02-29,53.85
2024-03-01,53.07
2024-03-02,50.84
2024-03-03,49.64
2024-03-04,51.7
2024-03-05,53.99
2024-03-06,52.26
2024-03-07,51.25
2024-03-08,51.22
2024-03-09,52.21
2024-03-10,52.39
2024-03-11,52.25
2024-03-12,50.43
2024-03-13,49.33
2024-03-14,49.97
2024-03-15,49.09
2024-03-16,51.51
2024-03-17,51.94
2024-03-18,52.46
2024-03-19,54.31
2024-03-20,53.3
2024-03-21,52.49
2024-03-22,51.08
2024-03-23,49.89
2024-03-24,48.87
2024-03-25,48.56
2024-03-26,48.36
2024-03-27,50.88
2024-03-28,52.56
2024-03-29,50.21
2024-03-30,49.89
2024-03-31,51.75
2024-04-01,52.62
2024-04-02,53.32
2024-04-03,52.86
2024-04-04,51.24
2024-04-05,50.2
2024-04-06,49.58
2024-04-07,49.17
2024-04-08,49.26
2024-04-09,50.03
2024-04-10,49.48
2024-04-11,52.48
2024-04-12,51.22
2024-04-13,50.31
2024-04-14,48.89
2024-04-15,48.08
2024-04-16,47.39
2024-04-17,47.09
2024-04-18,46.98
2024-04-19,46.73
2024-04-20,47.07
2024-04-21,46.3
2024-04-22,46.34
2024-04-23,45.96
2024-04-24,45.8
2024-04-25,45.47
2024-04-26,45.34
2024-04-27,45.15
2024-04-28,45.01
2024-04-29,45.14
2024-04-30,45.38
2024-05-01,45.15
2024-05-02,45.64
2024-05-03,46.96
2024-05-04,47.46
2024-05-05,45.9
2024-05-06,45.44
2024-05-07,45.2
2024-05-08,45.28
2024-05-09,45.17
2024-05-10,44.82
2024-05-11,44.81
2024-05-12,44.62
2024-05-13,44.84
2024-05-14,44.78
2024-05-15,44.95
2024-05-16,44.54
2024-05-17,44.43
2024-05-18,44.3
2024-05-19,44.06
2024-05-20,43.94
2024-05-21,43.8
2024-05-22,43.69
2024-05-23,43.67
2024-05-24,43.49
2024-05-25,43.46
2024-05-26,43.42
2024-05-27,43.34
2024-05-28,43.3
2024-05-29,43.3
2024-05-30,43.18
2024-05-31,43.1
2024-06-01,43.1
2024-06-02,43.07
2024-06-03,43.02
2024-06-04,42.92
2024-06-05,42.89
2024-06-06,42.81
2024-06-07,42.63
2024-06-08,42.54
2024-06-09,42.54
2024-06-10,42.33560975609756
2024-06-11,42.13121951219512
2024-10-10,17.4
2024-10-11,18.97
2024-10-12,17.73
2024-10-13,18.6
2024-10-14,19.25
2024-10-15,17.22
2024-10-16,17.38
2024-10-17,16.88
2024-10-18,15.3
2024-10-19,15.28
2024-10-20,15.45
2024-10-21,15.81
2024-10-22,16.11
2024-10-23,16.3
2024-10-24,16.54
2024-10-25,19.62
2024-10-26,20.75
2024-10-27,19.26
2024-10-28,19.08
2024-10-29,17.07
2024-10-30,18.05
2024-10-31,18.44
2024-11-01,16.42
2024-11-02,15.72
2024-11-03,15.7
2024-11-04,15.2
2024-11-05,16.07
2024-11-06,16.37
2024-11-07,16.69
2024-11-08,13.33
2024-11-09,13.54
2024-11-10,13.9
2024-11-11,18.53
2024-11-12,16.03
2024-11-13,16.5
2024-11-14,17.66
2024-11-15,21.99
2024-11-16,28.72
2024-11-17,39.49
2024-11-18,44.73
2024-11-19,52.21
2024-11-20,43.43
2024-11-21,37.8
2024-11-22,37.56
2024-11-23,41.63
2024-11-24,71.9
2024-11-25,50.33
2024-11-26,40.77
2024-11-27,32.56
2024-11-28,37.47
2024-11-29,31.44
2024-11-30,30.26
2024-12-01,37.59
2024-12-02,37.63
2024-12-03,34.02
2024-12-04,32.87
2024-12-05,36.65
2024-12-06,31.16
2024-12-07,29.64
2024-12-08,33.43
2024-12-09,30.05
2024-12-10,36.11
2024-12-11,33.08
2024-12-12,29.65
2024-12-13,54.59
2024-12-14,51.74
2024-12-15,36.84
2024-12-16,36.84
2024-12-17,36.84
