gauge_id,gauge_lat,gauge_lon,gauge_name,institution,country,dataset,basin_area,glacier_area_RGI60,days_w_data,days_w_data_qc,basin_cenlat,basin_cenlon,total_perim,gc_index,elev_mean,elev_median,elev_std,slope_mean,aspect_mean,prcp_mean_ERA5,prcp_pci_ERA5,ev_mean_ERA5,aridity_ERA5,solid_prcp_ERA5,frac_snow_ERA5,low_prec_freq_ERA5,high_prec_freq_ERA5,glacier_dhdt,glacier_volume_M22,glacier_volume_F19,forest_cover,shrubs_veg_cover,herbaceous_veg_cover,cropland_cover,urban_cover,sparse_veg_cover,water_cover,dams_count
X00001211,-31.2525,-69.1772,San Juan Km 101,SNHI,Argentina,Andean-GC (self-produced),23899.2608,1.146,15685,15685,-31.4883,-69.8014,1187.5446,2.167,3237.3839,3314.1321,903.5993,14.0125,172.2733,580.6876,9.7991,841.3554,1.4489,236.4823,0.4072,1.3821,19.0505,-2.2371,11.4955,15.427,0.0007,2.8702,7.6289,0.2138,0.0165,87.6869,0.042,0.0
X00001206,-31.8553,-69.6606,De Los Patos La Plateada,SNHI,Argentina,Andean-GC (self-produced),8496.5061,2.3193,22414,22414,-31.8701,-70.0964,751.6938,2.3005,3639.1649,3647.2161,678.3511,17.8639,177.0165,627.0209,9.7677,644.4888,1.0279,415.3907,0.6625,1.3849,19.2393,-3.8881,7.2852,10.6995,0.0,0.1284,3.8533,0.0012,0.003,92.8649,0.0951,0.0
X00001205,-31.9197,-69.7045,De Los Patos Alvarez Condarco,SNHI,Argentina,Andean-GC (self-produced),3555.0495,2.9108,22891,22891,-32.2403,-69.9514,422.1314,1.9972,3602.9956,3636.6523,722.1059,17.81,181.6212,699.888,9.4505,642.5482,0.9181,470.8766,0.6728,1.4482,19.711,-2.8698,3.1132,4.9741,0.0,0.1746,5.3673,0.0012,0.0064,90.5336,0.0069,0.0
X00001421,-32.8469,-69.7625,Vacas Punta De Vacas,SNHI,Argentina,Andean-GC (self-produced),566.1257,9.6538,26205,26163,-32.6656,-69.8662,164.3027,1.948,4150.992,4172.8657,621.9382,20.9678,166.0171,697.3176,10.7544,566.5836,0.8125,556.2065,0.7976,1.3472,18.2591,-32.5458,2.6984,3.8233,0.0,0.0,1.5111,0.0,0.0,86.5035,0.0018,0.0
X00001407,-32.8653,-69.7681,Cuevas Punta De Vacas,SNHI,Argentina,Andean-GC (self-produced),674.4392,4.878,25768,25723,-32.7669,-69.9885,165.0712,1.7931,3951.9649,3921.5269,635.7397,22.3399,168.0887,812.5203,11.1275,477.6601,0.5879,702.3295,0.8644,1.4248,19.2284,-16.8191,1.8273,2.4559,0.0,0.0045,3.8696,0.0,0.0364,90.1768,0.0621,0.0
X00001420,-32.8808,-69.7683,Tupungato Punta De Vacas,SNHI,Argentina,Andean-GC (self-produced),1765.281,9.2928,25177,25177,-33.1005,-69.8301,278.0667,1.867,4078.6697,4116.4087,603.2921,23.1599,173.9449,918.997,11.1853,513.8286,0.5591,622.186,0.677,1.5541,21.3417,-31.6725,9.5066,13.0656,0.0,0.0006,1.1691,0.0,0.0006,86.2917,0.0646,0.0
X00001413,-32.9153,-69.2378,Mendoza Guido,SNHI,Argentina,Andean-GC (self-produced),7153.2266,4.2533,24745,24745,-32.7508,-69.634,635.8913,2.1209,3530.9669,3656.6313,908.6799,19.0234,169.3199,846.7168,10.5922,701.8299,0.8289,380.1025,0.4489,1.592,22.2015,-12.5445,16.372,22.0191,0.0006,2.5613,9.7037,0.2156,0.0451,81.7421,0.025,0.0
X00001419,-33.7765,-69.2725,Tunuyan Valle De Uco,SNHI,Argentina,Andean-GC (self-produced),2460.1369,9.8935,25630,25630,-33.797,-69.6667,371.1176,2.1107,3641.5681,3633.1389,779.3273,20.4486,173.6324,908.8314,10.023,657.7067,0.7237,513.9298,0.5655,1.5688,20.8946,-26.7669,13.9137,19.6194,0.0148,1.9911,11.5688,0.0016,0.0,74.926,0.0025,0.0
X00001423,-34.6686,-69.3163,Diamante La Jaula,SNHI,Argentina,Andean-GC (self-produced),2788.6661,2.5135,19407,19407,-34.4762,-69.7276,414.4646,2.214,3107.5307,3225.7124,683.8505,15.0057,165.1453,864.7483,10.0369,792.2675,0.9162,459.7668,0.5317,1.4708,18.4871,-11.8283,3.1957,3.7767,0.0,2.4329,22.7987,0.0014,0.0,70.9264,0.4863,0.0
X00001428,-35.0839,-69.6031,Atuel El Sosneado,SNHI,Argentina,Andean-GC (self-produced),2363.8884,2.9734,18726,18644,-34.8196,-69.9219,353.1063,2.0487,2940.5024,2953.5637,670.5553,14.8495,160.1284,1012.4022,10.0718,814.7031,0.8047,532.1019,0.5256,1.5002,18.281,-30.2264,4.4075,4.256,0.0051,2.2493,18.0756,0.1212,0.0004,75.1308,0.2238,0.0
X00001434,-35.32,-70.2839,Grande La Estrechura,SNHI,Argentina,Andean-GC (self-produced),1086.4906,2.0302,14589,14395,-35.0394,-70.216,211.0252,1.806,3007.9539,3011.1968,471.3868,17.2669,184.264,1066.333,12.1063,690.7299,0.6478,872.3132,0.818,1.3995,17.0694,-21.99,1.3768,1.3807,0.0009,0.0009,7.791,0.0,0.0,89.3075,0.1741,0.0
X00001447,-35.3242,-70.3111,Valenzuela Valle Noble,SNHI,Argentina,Andean-GC (self-produced),225.759,3.2012,14027,13703,-35.2862,-70.4585,102.0232,1.9155,2737.3036,2706.2854,317.3586,15.4992,163.6348,1305.7951,12.5897,719.7918,0.5512,1017.9452,0.7796,1.467,17.3191,-52.4229,0.5024,0.5047,0.0,0.0,6.3206,0.0,0.0,89.6103,0.0,0.0
X00001425,-35.8715,-69.9491,Poti Malal Gendarmeria,SNHI,Argentina,Andean-GC (self-produced),892.2643,0.2709,18913,18913,-36.0478,-70.0624,179.039,1.6908,2329.4154,2273.3848,417.8638,11.345,171.731,624.8718,10.7016,937.0145,1.4995,261.4564,0.4184,1.3031,17.2042,-1.9803,0.0629,0.0726,0.0,13.0933,48.7499,0.0242,0.0,37.7568,0.0044,0.0
X00001427,-35.8722,-69.8909,Grande La Gotera,SNHI,Argentina,Andean-GC (self-produced),4998.0713,0.6344,17602,17602,-35.5624,-70.1971,667.2114,2.6623,2591.387,2574.9014,495.836,14.2385,177.7513,880.9309,11.717,813.2495,0.9232,586.8046,0.6661,1.3582,17.0074,-7.5118,1.9423,1.9591,0.0051,4.0561,27.4395,0.0331,0.0026,67.519,0.1035,0.0
X00002001,-36.8073,-69.8936,Barrancas Barrancas,SNHI,Argentina,Andean-GC (self-produced),3311.9785,0.9853,19623,19592,-36.489,-70.2162,433.309,2.124,2324.0233,2371.6008,538.4621,12.9975,167.4254,738.1307,10.4937,898.7419,1.2176,360.1732,0.488,1.3577,17.1998,-5.2571,1.11,1.486,0.003,9.6614,27.8169,0.07,0.0132,60.333,0.8059,0.0
X00002077,-36.8575,-70.6825,Neuquen Varvarco,SNHI,Argentina,Andean-GC (self-produced),2911.7297,0.768,12033,12031,-36.6008,-70.7113,381.5486,1.9947,2103.3967,2056.9346,482.4416,12.8186,180.2378,1076.2739,12.3422,873.628,0.8117,457.7749,0.4253,1.3937,16.3811,-1.5862,0.7321,1.1067,1.1867,3.667,44.4352,0.2308,0.0064,48.1956,1.1224,0.0
X00002036,-37.1856,-70.68,Neuquen Andacollo,SNHI,Argentina,Andean-GC (self-produced),3583.8604,0.6271,17237,17237,-36.6782,-70.6937,472.8147,2.228,2042.3724,2015.0002,500.0753,12.9833,185.5236,1009.0222,12.3694,908.7399,0.9006,389.4199,0.3859,1.3732,16.3902,-1.088,0.7354,1.1129,1.1461,6.4356,43.1052,0.2031,0.039,47.1844,0.9424,0.0
X00002012,-37.3189,-70.2786,Curileuvu Los Maitenes,SNHI,Argentina,Andean-GC (self-produced),2114.2758,0.181,10491,10488,-37.0529,-70.3349,348.2664,2.1366,1925.9978,1942.0286,581.0443,9.7657,187.0111,585.5298,10.7372,1037.5681,1.772,119.9315,0.2048,1.293,17.1519,-5.7509,0.1176,0.1061,0.0023,25.4643,35.2001,0.6316,0.0165,38.2891,0.1373,0.0
X00002032,-39.7781,-71.0394,Malleo Malleo,SNHI,Argentina,Andean-GC (self-produced),728.3201,0.4456,14418,14418,-39.6268,-71.2831,201.1449,2.1025,1213.1707,1157.8906,270.7731,10.2093,154.5925,1142.4963,11.6282,883.2105,0.7731,44.9802,0.0394,1.5154,18.0489,-5.3751,0.0937,0.1204,37.0719,20.4001,32.8185,1.3449,0.0013,3.1954,3.8083,0.0
X00002005,-39.7908,-71.2064,Chimehuin Naciente,SNHI,Argentina,Andean-GC (self-produced),1003.1339,0.629,13801,13770,-39.7606,-71.4894,245.9047,2.1902,1321.1851,1284.5609,348.5667,13.8587,162.7536,1450.1461,11.2957,812.175,0.5601,80.6322,0.0556,1.6497,19.0464,-5.7251,0.1959,0.2396,55.2344,4.8125,13.7723,0.8311,0.0,11.8078,11.9559,0.0
X00001802,-41.0569,-71.146,Limay Nahuel Huapi,SNHI,Argentina,Andean-GC (self-produced),3943.8115,0.2061,5555,5555,-40.9733,-71.5302,559.7355,2.5143,1148.3332,1068.7656,343.1367,12.4402,154.6989,1474.6153,10.4664,756.19,0.5128,124.0413,0.0841,1.751,20.4113,-1.9191,0.8061,0.6989,44.8171,8.52,14.6554,0.6086,0.8507,13.5782,16.3721,0.0
X00001870,-41.9258,-71.5581,Raquel El Azul,SNHI,Argentina,Andean-GC (self-produced),266.3218,0.8826,10868,10868,-41.8278,-71.6567,107.7833,1.8631,1233.4056,1262.9484,395.7642,20.5254,151.1021,1604.5961,9.8109,787.9248,0.491,102.8627,0.0641,1.8699,22.2996,-3.5908,0.0917,0.0683,65.5245,1.7213,10.9357,0.3336,0.0023,20.3375,0.0716,0.0
X00002315,-42.1056,-71.7247,Puelo Hito Fronterizo,SNHI,Argentina,Andean-GC (self-produced),3238.3673,3.2208,4756,4756,-42.1005,-71.6404,527.5377,2.6151,1028.335,999.2177,485.6481,17.7627,172.589,1646.4011,9.8347,788.9914,0.4792,131.4604,0.0798,1.8274,21.4989,-19.0806,5.3463,5.3112,53.3822,9.3564,12.1058,1.5357,0.2538,16.2316,2.3348,0.0
X00002218,-42.9932,-71.5594,Fontana Estancia Amancay,SNHI,Argentina,Andean-GC (self-produced),36.9044,0.2213,15946,15941,-43.0321,-71.5932,39.1467,1.8178,1220.3053,1194.3766,323.5323,13.6765,118.978,1352.7052,9.5078,774.8342,0.5728,76.0474,0.0562,1.7937,21.3092,5.2049,0.0021,0.0044,57.3151,10.0559,9.4268,0.9511,0.0,21.786,0.0242,0.0
X00002217,-43.1285,-71.5569,Situacion Escuela Nï¿½ 90,SNHI,Argentina,Andean-GC (self-produced),34.7997,0.772,9138,8876,-43.0807,-71.5976,39.1669,1.873,1114.416,1118.6216,391.5655,15.274,133.9943,1352.55,9.5068,774.8567,0.5729,76.1967,0.0563,1.7939,21.3171,1.5406,0.0058,0.0028,66.2844,3.8437,10.5222,0.0768,0.0,18.3069,0.1024,0.0
X00002239,-43.1974,-71.5827,Bagglits Ruta A Chile,SNHI,Argentina,Andean-GC (self-produced),74.8049,1.5206,15509,15291,-43.263,-71.6396,66.9071,2.1822,1122.0954,1061.9871,346.9344,13.5319,161.209,1347.7177,9.4382,760.4017,0.5642,101.4838,0.0753,1.8069,21.6493,-15.1852,0.0344,0.0564,66.4407,4.0393,8.4561,1.0702,0.0,16.6315,1.0328,0.0
X00002202,-43.6954,-71.3096,Carrenleufu La Elena,SNHI,Argentina,Andean-GC (self-produced),1314.9369,0.3851,25298,25177,-43.8953,-71.4746,376.8167,2.9314,1082.5112,1017.0045,218.4451,7.1136,163.0993,1138.2286,9.2919,724.0042,0.6361,110.6054,0.0972,1.7769,21.2337,-0.6327,0.2239,0.224,21.438,14.6435,36.316,0.6955,0.0,14.7266,11.2703,0.0
X00002296,-43.8351,-71.2403,Carrenleufu Jaramillo,SNHI,Argentina,Andean-GC (self-produced),1009.5858,0.5016,1829,1829,-43.9321,-71.5369,310.6245,2.7578,1117.8271,1056.6007,211.6143,7.8026,160.6421,1237.2196,9.2736,703.6493,0.5687,122.3315,0.0989,1.8413,21.8687,-0.6297,0.2239,0.224,25.5674,11.5458,30.9386,0.358,0.0,15.9582,14.6604,0.0
X01001001,-18.0769,-69.1961,Rio Caquena En Nacimiento,DGA,Chile,CAMELS-cl (updated),49.7119,1.6771,7350,7350,-18.1063,-69.1655,46.8087,1.8728,4837.2043,4740.0308,348.7184,9.6684,242.3476,938.68,16.6854,1001.9433,1.0674,8.7133,0.0093,1.5267,19.778,20.7763,0.0,0.0231,0.0,0.0,28.678,0.0232,0.0,69.2087,0.0,0.0
X01001002,-17.9942,-69.255,Rio Caquena En Vertedero,DGA,Chile,CAMELS-cl (updated),467.5562,0.2925,15812,15812,-18.0675,-69.2396,166.203,2.1683,4650.3129,4578.4058,262.7818,6.5432,181.6203,918.5424,16.6359,949.4246,1.0336,13.7028,0.0149,1.5268,19.6409,5.7669,0.0,0.0333,0.0074,3.1266,29.5567,0.0838,0.0,66.6275,0.2563,0.0
X01001003,-18.0156,-69.2308,Rio Colpacagua En Desembocadura,DGA,Chile,CAMELS-cl (updated),198.8082,0.6879,10887,10181,-18.0615,-69.153,99.2536,1.9857,4770.2217,4734.1431,309.69,8.7166,231.1497,940.1369,16.6862,1002.7403,1.0666,8.6457,0.0092,1.5279,19.7927,13.3041,0.0,0.0333,0.0,0.0626,33.6642,0.0927,0.0,64.7799,0.6028,0.0
X01020002,-18.1936,-69.2458,Rio Desaguadero Cotacotani,DGA,Chile,CAMELS-cl (updated),376.1001,1.7136,16490,16165,-18.2538,-69.1459,154.6819,2.25,4776.3729,4685.1748,266.4835,6.8368,196.6699,801.3921,17.0976,1017.4706,1.2696,7.6657,0.0096,1.4608,17.8659,3.6615,0.0,0.1707,0.0,0.4127,20.0294,0.0214,0.0,70.6134,6.7455,0.0
X01020003,-18.2325,-69.3319,Rio Lauca En Estancia El Lago,DGA,Chile,CAMELS-cl (updated),582.9384,1.1056,14508,14474,-18.2323,-69.2119,218.2855,2.5504,4692.1855,4618.7969,257.7017,6.0057,189.4995,833.7233,16.9214,974.2598,1.1686,11.6159,0.0139,1.483,18.4157,2.6253,0.0,0.1707,0.0059,1.7287,21.2893,0.1185,0.002,71.0129,4.4237,0.0
X01021001,-18.5833,-69.0467,Rio Lauca En Japu (O En El Limite),DGA,Chile,CAMELS-cl (updated),3277.9809,0.319,13738,13732,-18.5186,-69.1951,458.6286,2.2597,4492.0238,4418.9824,265.5659,5.9629,176.7533,686.3998,18.0483,975.8263,1.4217,8.3238,0.0121,1.4119,16.0088,-0.0171,0.0,0.2729,0.0011,8.3947,15.7206,0.0228,0.0004,74.2952,1.1511,0.0
X03022001,-26.4808,-69.06,Rio La Ola En Vertedero,DGA,Chile,CAMELS-cl (updated),12310.9801,0.5068,11828,11446,-26.9757,-68.7911,1234.5279,3.1387,4591.5594,4564.5962,485.7287,8.2114,188.7909,282.176,11.302,605.4181,2.1455,168.2721,0.5963,1.1799,16.7895,-0.8544,0.0,2.8907,0.0002,0.0022,2.6884,0.0001,0.0002,95.577,0.8571,0.0
X03041001,-27.2642,-68.9975,Rio Barros Negros Antes Junta Valle Ancho,DGA,Chile,CAMELS-cl (updated),86.0307,0.1624,9017,8012,-27.2958,-68.9052,69.5248,2.1145,4762.3393,4755.6753,245.3372,11.1786,211.183,257.529,10.3203,578.9507,2.2481,187.453,0.7279,1.1477,16.4768,9.1279,0.0,0.0056,0.0,0.0,0.4487,0.0,0.0,99.2159,0.0,0.0
X03414001,-28.0858,-69.9408,Rio Pulido En Vertedero,DGA,Chile,CAMELS-cl (updated),2021.7982,1.2361,20605,20540,-28.1816,-69.68,388.8044,2.4393,3566.4025,3538.0051,852.377,17.6715,199.0882,326.4863,10.6816,646.7246,1.9809,240.7673,0.7374,1.1655,17.9986,-0.2158,0.0,1.2647,0.0011,1.4157,11.0436,0.1187,0.0005,85.6629,0.0371,0.0
X03421001,-28.1478,-69.9939,Rio Manflas En Vertedero,DGA,Chile,CAMELS-cl (updated),981.5733,0.7681,19659,19584,-28.4277,-69.9183,247.2423,2.2262,3561.3668,3640.7136,714.9453,15.4729,185.837,379.0947,10.2169,604.6842,1.5951,274.3172,0.7236,1.1922,18.8663,-1.7239,0.0,0.3539,0.0,1.1775,10.3917,0.0,0.0,87.3588,0.0011,0.0
X03430001,-27.9747,-69.9978,Rio Copiapo En Lautaro,DGA,Chile,CAMELS-cl (updated),7568.1661,0.4749,25362,24097,-27.9568,-69.5874,820.8061,2.6616,3628.4941,3686.9573,812.0245,15.185,195.698,312.5447,10.3632,649.5335,2.0782,223.1229,0.7139,1.1649,18.1243,-0.2005,0.0,1.6998,0.005,0.8409,10.1812,0.1365,0.0003,88.0947,0.0417,0.0
X03430003,-28.0003,-69.9747,Rio Copiapo En Pastillo,DGA,Chile,CAMELS-cl (updated),7463.8799,0.4815,21386,21386,-27.956,-69.5816,814.2027,2.6586,3651.8615,3698.719,791.0494,15.1841,196.0958,313.9941,10.3503,644.9502,2.054,225.3338,0.7176,1.1659,18.0494,-0.2033,0.0,1.6998,0.0016,0.8271,10.2629,0.1075,0.0001,88.0792,0.0119,0.0
X03431001,-27.8044,-70.1269,Rio Copiapo En La Puerta,DGA,Chile,CAMELS-cl (updated),8346.9649,0.4306,24319,24319,-27.9507,-69.6281,890.497,2.7496,3478.3465,3598.1799,919.7272,14.8394,195.844,302.3685,10.5127,687.8216,2.2748,207.0823,0.6849,1.1572,18.7701,-0.1818,0.0,1.6998,0.0109,0.9404,9.6978,0.3252,0.0128,88.3395,0.0385,0.0
X03802001,-28.9456,-70.1011,Rio Conay En Las Lozas,DGA,Chile,CAMELS-cl (updated),1725.4787,0.9867,12484,12478,-28.8438,-69.9009,323.1825,2.1948,3872.7231,3925.6118,700.9583,17.8064,193.8533,346.0255,10.3038,591.3745,1.709,258.5943,0.7473,1.1776,18.4527,-1.9457,0.1594,0.5658,0.0,0.2487,3.8852,0.0604,0.0,94.1428,0.0746,0.0
X03804002,-28.9414,-70.2481,Rio Transito En Angostura Pinte,DGA,Chile,CAMELS-cl (updated),3044.2815,0.6815,20033,20033,-28.9538,-70.004,438.9764,2.2444,3638.502,3788.2888,832.9902,19.2562,186.8815,347.8965,10.1964,601.01,1.7276,253.3955,0.7284,1.1809,18.6426,-1.494,0.2989,0.7383,0.0,1.3581,3.8617,0.2053,0.0,93.4407,0.0447,0.0
X03806001,-28.7503,-70.4828,Rio Transito Antes Junta Rio Carmen,DGA,Chile,CAMELS-cl (updated),4103.2918,0.5056,23846,23806,-28.9077,-70.0678,483.9638,2.1313,3357.9864,3495.2773,943.3102,18.7616,191.7687,338.2377,10.1354,654.0575,1.9337,227.9654,0.674,1.1736,19.0462,-1.1089,0.2989,0.7383,0.0088,2.3744,4.8584,0.3983,0.0044,91.5126,0.0332,0.0
X03814001,-28.94,-70.4569,Rio Carmen En San Felix,DGA,Chile,CAMELS-cl (updated),2795.9638,0.405,8128,8128,-29.3984,-70.2407,440.9759,2.3526,3610.9667,3721.0789,768.8196,19.4629,181.1222,386.3287,9.5923,607.8354,1.5734,257.2041,0.6658,1.2375,19.8183,-0.6438,0.4784,0.4023,0.0064,1.4407,2.8659,0.0946,0.0034,94.9894,0.0008,0.0
X03814003,-29.1094,-70.4139,Rio Carmen En El Corral,DGA,Chile,CAMELS-cl (updated),2434.3023,0.4651,11817,11817,-29.4494,-70.2081,372.8937,2.132,3769.1984,3832.9988,649.2113,19.4876,181.3118,396.8986,9.5798,583.5178,1.4702,272.4993,0.6866,1.2465,19.6727,-0.7391,0.4784,0.4023,0.0026,0.1613,1.9938,0.0647,0.0,97.0894,0.0009,0.0
X03815001,-28.75,-70.4867,Rio Carmen En Ramadillas,DGA,Chile,CAMELS-cl (updated),3038.8636,0.3726,18696,18696,-29.3543,-70.2598,503.8442,2.5783,3467.6416,3634.9485,894.0721,19.3525,180.9628,375.0121,9.6446,635.4018,1.6943,242.0936,0.6456,1.2279,19.9952,-0.5926,0.4784,0.4023,0.0125,2.9612,3.3281,0.1331,0.01,93.0033,0.0007,0.0
X03815002,-28.9319,-70.4581,Rio Carmen En Pte. La Majada,DGA,Chile,CAMELS-cl (updated),2756.4979,0.4108,10202,10160,-29.4047,-70.2382,436.4355,2.345,3628.3925,3734.8462,757.5968,19.4523,181.0419,387.9261,9.5863,603.9093,1.5568,259.4975,0.6689,1.239,19.801,-0.653,0.4784,0.4023,0.0065,1.0856,2.8145,0.0854,0.001,95.399,0.0008,0.0
X03820001,-28.7306,-70.5067,Rio Huasco En Algodones,DGA,Chile,CAMELS-cl (updated),7199.7106,0.4454,14695,14565,-29.0946,-70.1519,704.9796,2.3438,3392.0014,3551.6958,932.4705,18.9968,187.2181,352.8745,9.9287,649.2653,1.8399,232.3628,0.6585,1.1961,19.4904,-0.8816,0.7773,1.1406,0.0103,2.7073,4.2928,0.2841,0.0069,91.9853,0.0192,0.0
X03820002,-28.6997,-70.55,Rio Huasco En Chepica,DGA,Chile,CAMELS-cl (updated),7255.6042,0.442,6503,6503,-29.0918,-70.1549,716.7039,2.3735,3376.2798,3542.1294,946.4292,18.9769,187.311,351.2926,9.9404,653.3465,1.8598,230.605,0.6564,1.195,19.5583,-0.8749,0.7773,1.1406,0.0102,2.8533,4.3104,0.2875,0.0075,91.8234,0.019,0.0
X03820003,-28.6719,-70.6464,Rio Huasco En Santa Juana,DGA,Chile,CAMELS-cl (updated),7383.8907,0.4343,20687,20687,-29.0844,-70.1618,748.1192,2.456,3342.4084,3518.7046,975.235,18.895,187.7129,347.9608,9.9637,662.1887,1.9031,226.758,0.6517,1.1929,19.709,-0.8597,0.7773,1.1406,0.0101,3.0357,4.4042,0.2825,0.0073,91.5206,0.0628,0.0
X04306001,-29.8431,-70.3861,Rio Turbio En Huanta,DGA,Chile,CAMELS-cl (updated),2812.5572,0.1461,6234,6121,-30.019,-70.1046,407.3058,2.1665,3751.8277,3869.8447,769.5457,20.4546,187.4649,466.0383,9.8634,515.9162,1.107,353.6845,0.7589,1.2837,19.2042,1.5446,0.1251,0.1491,0.0,0.1066,1.6611,0.0151,0.0,97.9162,0.0741,0.0
X04308001,-29.9458,-70.5328,Rio Turbio En Varillar,DGA,Chile,CAMELS-cl (updated),4083.5647,0.1006,26165,25448,-29.924,-70.2187,583.4556,2.5756,3526.7516,3651.5574,865.7987,20.0004,187.9939,498.0297,9.5066,578.6704,1.1619,325.4194,0.6534,1.3209,19.4982,1.0649,0.1251,0.1491,0.0003,0.9941,4.2088,0.1029,0.001,94.4825,0.0531,0.0
X05401003,-32.8625,-70.1675,Rio Juncal En Juncal,DGA,Chile,CAMELS-cl (updated),343.0961,7.5494,18322,18322,-32.9089,-70.0903,138.2768,2.1059,3665.1283,3652.8384,638.4334,25.0323,186.6724,1002.2034,10.8935,426.4412,0.4255,882.0698,0.8801,1.5227,20.1104,-42.2311,1.6125,2.0771,0.0,0.003,1.7692,0.0,0.0149,88.3564,0.5086,0.0
X05402001,-32.9072,-70.2978,Rio Blanco En Rio Blanco,DGA,Chile,CAMELS-cl (updated),387.1591,5.0568,18105,18105,-33.0323,-70.2258,136.2339,1.9531,3477.3568,3590.3611,701.6207,23.9765,185.5353,1042.2919,10.3201,503.7471,0.4833,827.2245,0.7937,1.614,20.9188,-38.1225,0.834,1.1007,0.0816,0.3022,5.6905,0.0,0.0882,86.1319,0.3712,0.0
X05402015,-32.98,-70.2547,Rio Blanco Antes Junta Rio De Los Leones,DGA,Chile,CAMELS-cl (updated),198.869,2.1748,2875,2875,-33.0738,-70.2514,96.3166,1.9267,3632.3206,3676.3677,502.6149,22.211,183.9932,1075.63,9.9958,542.7404,0.5046,801.8356,0.7455,1.6647,21.1736,-17.4804,0.2002,0.3569,0.0,0.0293,1.8465,0.0,0.0051,94.2076,0.4149,0.0
X05403002,-32.9067,-70.3036,Rio Aconcagua En Rio Blanco,DGA,Chile,CAMELS-cl (updated),894.7073,5.1694,17687,17687,-32.9529,-70.1734,215.0896,2.0285,3469.6757,3541.4419,710.8021,24.7846,188.4787,1012.9273,10.6424,468.7487,0.4628,847.133,0.8363,1.5592,20.4382,-35.1883,2.4652,3.1907,0.0547,0.273,5.0059,0.0,0.0636,87.3709,0.3591,0.0
X05403003,-32.8667,-70.4167,Rio Aconcagua En Los Quilos,DGA,Chile,CAMELS-cl (updated),1976.5945,2.4134,5090,4809,-32.8311,-70.2354,337.3926,2.1408,3279.2941,3380.8167,745.0981,22.465,192.4479,939.0004,10.6071,523.8264,0.5579,753.1588,0.8021,1.5339,20.4577,-18.4404,2.4966,3.2471,0.0346,2.3839,10.4833,0.0,0.0384,83.6791,0.1804,0.0
X05406001,-32.8572,-70.4122,Rio Colorado En Colorado,DGA,Chile,CAMELS-cl (updated),1140.9255,4.0538,16916,16767,-32.9575,-70.2142,242.5006,2.0253,3300.9098,3399.2241,785.0703,23.98,187.2418,997.8716,10.5768,501.6649,0.5027,807.9117,0.8096,1.5587,20.4009,-27.6032,2.4652,3.1907,0.0554,1.9995,9.5762,0.0,0.0599,82.6147,0.3049,0.0
X05410002,-32.8503,-70.5094,Rio Aconcagua En Chacabuquito,DGA,Chile,CAMELS-cl (updated),2113.4225,2.2572,26590,26590,-32.8333,-70.2494,347.5438,2.1326,3177.6849,3318.5828,828.1989,22.1002,192.4745,933.677,10.6146,530.5024,0.5682,744.3513,0.7972,1.5303,20.4261,-17.2462,2.4966,3.2471,0.0391,5.2507,12.0355,0.0399,0.0394,79.4326,0.1687,0.0
X05410005,-32.7572,-70.7367,Rio Aconcagua En San Felipe,DGA,Chile,CAMELS-cl (updated),2700.7159,1.7663,16504,16436,-32.8482,-70.3242,446.358,2.4229,2777.964,3022.3245,1088.993,19.5577,197.0114,883.2128,10.6533,607.4826,0.6878,625.0853,0.7077,1.4964,20.0787,-13.4943,2.4966,3.2471,0.0764,14.1324,14.3689,4.4003,0.7541,63.7869,0.1343,0.0
X05423003,-32.8403,-71.0256,Rio Aconcagua En Romeral,DGA,Chile,CAMELS-cl (updated),5230.4249,0.9122,13640,13634,-32.724,-70.4569,575.2201,2.2437,2374.1676,2427.9263,1158.8149,17.4921,199.566,783.1187,10.8154,744.3343,0.9505,447.4601,0.5714,1.4388,19.8032,-7.2561,2.4968,3.2488,0.5197,23.5582,15.49,6.9977,0.8565,51.2856,0.0761,0.0
X05701001,-33.9781,-70.1456,Rio Maipo En Las Hualtatas,DGA,Chile,CAMELS-cl (updated),1035.5467,7.6417,12358,12358,-34.0944,-69.9961,233.4266,2.0463,3320.1199,3362.0718,578.6168,22.3719,183.5388,1210.3478,12.0693,531.8272,0.4394,1102.5012,0.9109,1.4761,18.0839,-19.7041,3.2287,4.8065,0.0029,0.1452,9.0613,0.0263,0.0,80.2698,0.0136,0.0
X05701002,-33.8481,-70.1961,Rio Maipo En Las Melosas,DGA,Chile,CAMELS-cl (updated),1462.7343,5.436,9321,9312,-34.0491,-70.0681,307.1292,2.2653,3192.4301,3244.5225,609.9559,22.3716,182.9244,1288.1053,11.8703,566.1492,0.4395,1127.323,0.8752,1.5048,18.1817,-14.2216,3.2312,4.8329,0.0152,0.5917,10.9703,0.0207,0.0,80.869,0.0682,0.0
X05702001,-33.8056,-70.2089,Rio Volcan En Queltehues,DGA,Chile,CAMELS-cl (updated),523.4403,14.2441,22571,22571,-33.8217,-70.0034,163.1252,2.0113,3368.8002,3389.3235,814.5763,22.6464,199.8475,1123.1772,11.918,535.6676,0.4769,1012.6533,0.9016,1.4572,18.4106,-42.377,3.1716,5.1878,0.0984,0.9748,7.4433,0.0328,0.0,74.3365,0.0,0.0
X05704002,-33.7347,-70.3008,Rio Maipo En San Alfonso,DGA,Chile,CAMELS-cl (updated),2786.7298,7.0671,21441,21423,-33.9013,-70.0627,415.7988,2.2219,3194.939,3235.1514,726.5844,22.1438,187.6233,1218.3933,11.7683,564.446,0.4633,1064.0302,0.8733,1.4898,18.3769,-19.0456,8.3525,13.0343,0.1043,1.3122,12.5734,0.0348,0.0,76.4857,0.5472,0.0
X05705001,-33.49,-70.1342,Rio Colorado Antes Junta Rio Olivares,DGA,Chile,CAMELS-cl (updated),783.3701,9.5504,14544,14511,-33.4141,-69.9561,202.5011,2.041,3734.1568,3725.4075,820.3485,23.7204,198.1048,947.5089,11.2438,488.9698,0.5161,838.2676,0.8847,1.4489,19.0069,-16.179,4.2536,6.0485,0.0,0.2298,5.7356,0.0,0.0,81.7292,0.0052,0.0
X05706001,-33.4878,-70.1367,Rio Olivares Antes Junta Rio Colorado,DGA,Chile,CAMELS-cl (updated),541.5553,14.3527,15840,15840,-33.2584,-70.1353,181.0403,2.1946,3686.9796,3779.6714,825.1062,23.6937,182.5471,1122.0298,10.5577,477.5027,0.4256,966.9317,0.8618,1.5936,20.8557,-75.1626,5.3904,7.0539,0.0019,0.2104,8.7076,0.0,0.0,73.1231,0.1089,0.0
X05707002,-33.5875,-70.3669,Rio Colorado Antes Junta Rio Maipo,DGA,Chile,CAMELS-cl (updated),1662.7977,9.1742,24631,24626,-33.3852,-70.0742,339.0475,2.3455,3416.6376,3506.7051,992.7948,22.8681,193.6409,1052.4343,10.9757,520.572,0.4946,893.3465,0.8488,1.5108,19.6606,-32.4123,9.6444,13.1069,0.0708,3.0761,15.1119,0.0147,0.0,70.087,0.0378,1.0
X05710001,-33.5939,-70.3792,Rio Maipo En El Manzano,DGA,Chile,CAMELS-cl (updated),4839.0468,7.2237,26219,26219,-33.7077,-70.0876,617.1252,2.5026,3182.2571,3227.2263,888.2563,22.0485,190.7621,1165.0997,11.4474,563.08,0.4833,991.6401,0.8511,1.5021,18.889,-21.9999,17.9982,26.1417,0.177,3.0528,16.6989,0.0291,0.0163,70.539,0.3288,1.0
X05720001,-33.3733,-70.3961,Rio Molina Antes Junta San Francisco,DGA,Chile,CAMELS-cl (updated),300.0052,0.6872,5193,5184,-33.3896,-70.2998,128.7322,2.0966,2646.2217,2509.6743,751.7457,16.957,208.4477,1101.7806,10.5559,696.3686,0.632,724.3522,0.6574,1.5149,19.2307,-3.1123,0.0603,0.074,0.2436,8.7211,45.0498,0.0203,0.0034,45.0063,0.0135,0.0
X05721001,-33.3414,-70.3636,Estero Yerba Loca Antes Junta San Francisco,DGA,Chile,CAMELS-cl (updated),109.9549,2.3866,13379,13379,-33.2621,-70.2811,76.4411,2.0564,3424.7136,3538.5107,838.1285,24.1505,227.587,1080.9032,10.2049,686.7028,0.6353,677.9714,0.6272,1.5784,19.8133,-23.4725,0.1055,0.1031,0.0,4.8161,15.25,0.0,0.0,76.9935,0.0277,0.0
X05722002,-33.3703,-70.4508,Rio Mapocho En Los Almendros,DGA,Chile,CAMELS-cl (updated),637.9595,0.7352,24472,24435,-33.3227,-70.3138,165.5091,1.8485,2778.9768,2665.3118,851.2372,19.2215,211.6229,1088.9432,10.3306,703.2748,0.6458,684.4187,0.6285,1.5506,19.4893,-6.791,0.1664,0.1803,0.1752,9.2868,35.94,0.0096,0.1099,53.4697,0.0605,0.0
X05737002,-33.4961,-70.8167,Rio Mapocho Rinconada De Maipu,DGA,Chile,CAMELS-cl (updated),4014.7001,0.1168,19860,19699,-33.2525,-70.6357,438.2049,1.9509,1343.4147,930.6846,961.1868,10.5285,208.6133,820.0397,11.159,1016.1687,1.2392,201.5376,0.2458,1.3924,17.8972,-1.1051,0.1664,0.1803,1.0546,37.5478,16.8545,15.3427,13.6403,15.1323,0.2523,0.0
X05748001,-33.7219,-71.555,Rio Maipo En Cabimbao,DGA,Chile,CAMELS-cl (updated),14914.8082,2.3751,15352,15347,-33.5742,-70.5779,1056.083,2.4394,1678.4652,1174.119,1349.5202,13.6863,200.817,909.2682,12.2105,932.4215,1.0255,423.2958,0.4655,1.382,18.2019,-7.458,18.1644,26.3219,4.9696,27.9091,14.872,15.383,5.2035,28.4286,0.1805,1.0
X06000003,-34.3628,-70.3056,Rio Las Leas Ante Junta Rio Cachapoal,DGA,Chile,CAMELS-cl (updated),172.755,0.4554,6167,6123,-34.424,-70.1701,90.7188,1.9471,2951.195,3030.1802,592.3347,24.7828,185.356,1382.6094,12.6689,547.2241,0.3958,1260.6337,0.9118,1.4737,17.3518,-13.3518,0.0269,0.092,0.5632,0.8724,6.9651,0.0,0.0,90.6296,0.0116,0.0
X06002001,-34.3669,-70.3258,Rio Cortaderal Ante Junta Rio Cachapoal,DGA,Chile,CAMELS-cl (updated),425.7121,12.2716,7834,7834,-34.5265,-70.2656,152.1515,2.0802,2961.4625,3054.9221,659.7542,24.3125,171.3982,1451.4481,12.6545,593.3172,0.4088,1280.4155,0.8822,1.4739,17.1595,-132.0665,3.714,4.7129,0.4323,0.3206,5.1678,0.0,0.0,77.7068,0.0988,0.0
X06003001,-34.3464,-70.3764,Rio Cachapoal 5 Km. Aguas Abajo Junta Cortaderal,DGA,Chile,CAMELS-cl (updated),964.6945,8.8386,10530,10530,-34.4372,-70.2136,216.4102,1.9655,2930.8246,2992.3335,680.5807,24.7687,182.6874,1421.6134,12.6766,575.1531,0.4046,1269.4942,0.893,1.4732,17.2283,-71.7597,5.8372,7.7164,0.6971,0.5036,6.8685,0.0031,0.0073,80.3242,0.1138,0.0
X06006001,-34.2467,-70.3281,Rio Pangal En Pangal,DGA,Chile,CAMELS-cl (updated),519.9142,6.1751,12981,12972,-34.1806,-70.2242,153.5196,1.8993,3074.5968,3123.0898,656.7765,24.895,205.0741,1549.321,11.8755,594.0355,0.3834,1327.3706,0.8567,1.5526,17.6342,-28.6679,1.1272,1.5372,0.098,0.5507,10.7291,0.0039,0.0,78.7925,0.1103,0.0
X06008005,-34.25,-70.5667,Rio Cachapoal En Pte Termas De Cauquenes,DGA,Chile,CAMELS-cl (updated),2461.6095,6.4855,7798,7798,-34.3281,-70.3025,363.0518,2.0642,2642.2119,2735.6223,848.4683,22.2768,191.7801,1502.0331,12.339,632.8462,0.4213,1230.4573,0.8192,1.5084,17.3862,-54.3704,10.1818,13.6431,3.2109,6.4025,14.2297,0.1122,0.06,66.9656,0.111,1.0
X06013001,-34.4922,-70.7028,Rio Claro En Hacienda Las Nieves,DGA,Chile,CAMELS-cl (updated),244.9685,0.1401,21795,21795,-34.5286,-70.5906,111.2562,2.0052,2082.1843,2022.9421,697.0093,21.6663,206.3182,1524.1021,12.3461,764.9636,0.5019,893.0378,0.5859,1.5105,17.5679,-10.794,0.0094,0.0132,17.1461,11.6205,23.0235,0.0164,0.0,46.7313,0.5481,0.0
X06019003,-34.2731,-71.3717,Rio Cachapoal En Puente Arqueado (Ca),DGA,Chile,CAMELS-cl (updated),6264.9441,2.5539,7191,6997,-34.3495,-70.6368,632.6594,2.2548,1510.3862,1183.5913,1166.1607,14.5815,206.0634,1238.7812,12.743,892.9878,0.7209,590.5887,0.4767,1.4149,17.0782,-21.8504,10.1911,13.6565,13.087,17.6027,13.5758,20.2453,1.9581,29.7012,0.1164,1.0
X06025001,-34.8164,-70.5642,Rio Tinguiririca Aguas Abajo Junta Rio Azufre,DGA,Chile,CAMELS-cl (updated),970.3513,7.4344,5600,5593,-34.8033,-70.4209,206.0437,1.8659,2844.4964,2877.3855,731.3512,22.1879,197.2318,1555.8853,12.1737,625.4732,0.402,1319.3389,0.848,1.5283,17.4677,-78.6818,4.4078,5.4324,1.6235,2.0502,14.3504,0.0257,0.0,72.1754,0.0628,1.0
X06028001,-34.7186,-70.8267,Rio Tinguiririca Bajo Los Briones,DGA,Chile,CAMELS-cl (updated),1438.2764,5.1084,23921,23854,-34.7711,-70.4889,262.9753,1.9561,2553.2238,2583.6274,839.6785,21.6099,198.9844,1560.7878,12.158,670.6077,0.4297,1207.707,0.7738,1.53,17.5329,-56.0024,4.4457,5.4703,7.9073,4.9945,18.2039,0.1148,0.0,61.5417,0.057,2.0
X06034001,-34.6267,-71.3514,Estero Chimbarongo En Santa Cruz,DGA,Chile,CAMELS-cl (updated),2922.4137,2.5141,10723,10690,-34.767,-70.7226,494.1369,2.5785,1630.2774,1505.6602,1168.0041,14.714,204.8918,1412.6426,12.5258,860.0126,0.6088,700.9015,0.4962,1.4637,17.0307,-27.5676,4.4457,5.4703,18.301,11.0555,12.1661,19.7187,1.0333,33.3062,0.7297,2.0
X06034023,-34.6581,-71.3019,Estero Chimbarongo En Puente El Huape,DGA,Chile,CAMELS-cl (updated),2911.1821,2.5238,4362,4362,-34.7674,-70.7202,474.5144,2.4809,1635.8929,1517.0895,1166.7331,14.7699,204.7358,1415.1185,12.5145,858.4449,0.6066,703.6005,0.4972,1.4647,17.0343,-27.6737,4.4457,5.4703,18.359,11.0684,12.213,19.5029,0.987,33.4344,0.7319,2.0
X06035001,-34.4922,-71.3731,Rio Tinguiririca En Los Olmos (Ca),DGA,Chile,CAMELS-cl (updated),3534.6002,2.0787,7599,7598,-34.7547,-70.8304,630.52,2.9917,1396.9805,981.6355,1180.0436,13.1403,204.1145,1311.6876,12.955,927.0721,0.7068,579.6462,0.4419,1.4215,16.8128,-22.7985,4.4457,5.4703,16.3852,15.0223,10.7322,25.5127,1.1419,27.5444,0.6066,2.0
X07103001,-34.9983,-70.8094,Rio Claro En Los Queñes,DGA,Chile,CAMELS-cl (updated),354.4088,1.0754,26641,26525,-35.1511,-70.7216,149.0261,2.2331,1857.561,1793.6426,655.0119,18.7245,192.9205,1698.5653,12.5978,783.1546,0.4611,922.3208,0.543,1.5364,16.966,-28.953,0.2464,0.2368,23.5212,8.162,24.4536,0.1263,0.0,41.4783,0.1516,0.0
X07104002,-34.9961,-70.8206,Rio Teno Despues De Junta Con Claro,DGA,Chile,CAMELS-cl (updated),1205.2641,0.3488,25789,25789,-35.0862,-70.6158,243.0613,1.975,2094.1456,2154.187,631.6451,20.0627,193.6959,1581.0085,12.5428,748.9831,0.4737,1043.4909,0.66,1.5187,17.1816,-14.4348,0.2553,0.2468,15.0354,5.7458,23.0989,0.2057,0.0,54.3196,0.7458,0.0
X07112001,-35.2783,-71.0028,Rio Colorado En Junta Con Palos,DGA,Chile,CAMELS-cl (updated),877.8866,0.7275,18924,18787,-35.3626,-70.6493,304.0787,2.8951,2288.5257,2437.7542,599.5674,15.0029,195.4912,1593.9062,12.3282,754.7216,0.4735,1025.6232,0.6435,1.5296,17.0445,-11.5084,0.4358,0.3993,13.7471,2.7151,14.741,0.6101,0.0,66.9899,0.1131,0.0
X07123001,-34.9844,-72.01,Rio Mataquito En Licanten,DGA,Chile,CAMELS-cl (updated),5685.914,0.188,13423,13423,-35.1359,-71.0001,918.0608,3.4345,1231.9178,1021.5654,983.6767,11.767,204.43,1347.8783,13.3112,957.4692,0.7104,506.6113,0.3759,1.4109,16.2282,-5.4533,0.6932,0.6521,23.5572,15.7503,11.6265,19.3255,0.9082,27.9736,0.2272,0.0
X07303000,-35.8197,-70.7606,Rio Maule En Los Baños,DGA,Chile,CAMELS-cl (updated),1171.8828,0.2407,7104,7101,-35.9304,-70.5574,292.3284,2.4089,2330.8973,2363.354,386.9885,15.6564,182.9343,1189.5942,12.6743,758.1674,0.6373,852.2878,0.7165,1.4332,16.5423,-2.3348,0.0925,0.1053,0.3251,0.634,14.0895,0.0,0.0008,80.0184,4.4539,0.0
X07317005,-35.8842,-71.0192,Rio Melado En El Salto,DGA,Chile,CAMELS-cl (updated),2127.551,0.9767,7392,7219,-36.1907,-70.8725,394.8767,2.415,1966.5863,2003.6877,437.5687,17.4631,184.7134,1476.2472,12.8939,836.8566,0.5669,729.1551,0.4939,1.4487,15.8781,-5.1656,0.6731,0.8225,3.7877,2.6917,40.937,0.3388,0.0005,50.2024,0.355,0.0
X07320003,-35.6989,-71.0683,Rio Claro En San Carlos,DGA,Chile,CAMELS-cl (updated),401.1759,0.1713,7364,7263,-35.6094,-70.8848,148.6401,2.0935,1932.3655,1971.4258,595.1034,16.4644,213.1675,1602.5435,12.7337,874.3719,0.5456,624.3859,0.3896,1.4995,16.0017,-23.2741,0.0653,0.0334,16.6158,3.6684,19.2029,0.3551,0.0,59.1496,0.3231,0.0
X07321002,-35.7061,-71.1139,Rio Maule En Armerillo,DGA,Chile,CAMELS-cl (updated),5468.9594,0.5491,18558,18446,-35.9429,-70.7687,648.6285,2.4742,2048.5599,2127.2642,554.3827,17.0057,187.3314,1427.033,12.824,820.3746,0.5749,764.1843,0.5355,1.4567,16.1465,-5.817,1.0268,1.1944,7.3782,3.1145,25.9479,0.3718,0.0007,60.7115,1.3197,1.0
X07322001,-35.5575,-71.7067,Rio Maule En Longitudinal,DGA,Chile,CAMELS-cl (updated),6072.1325,0.4946,20481,20474,-35.9141,-70.8267,834.1699,3.0198,1898.6998,2043.5079,705.4208,16.044,190.5131,1431.7347,12.8909,846.5787,0.5913,693.3227,0.4843,1.4487,16.0635,-5.2413,1.0268,1.1944,10.4124,4.3103,23.7135,3.7118,0.0782,54.8079,1.6947,3.0
X07350001,-36.2303,-71.4569,Rio Longavi En La Quiriquina,DGA,Chile,CAMELS-cl (updated),668.9177,0.8945,25358,25357,-36.3088,-71.2731,177.4717,1.9357,1395.239,1393.41,461.8965,18.0727,197.4195,1802.0931,12.8982,943.2774,0.5234,317.3426,0.1761,1.4693,15.0337,-5.0368,0.1577,0.2129,51.1287,8.337,23.6253,2.9419,0.0,11.5982,0.1263,0.0
X07350003,-36.2558,-71.3375,Rio Longavi En El Castillo,DGA,Chile,CAMELS-cl (updated),466.8535,1.2816,18847,18675,-36.319,-71.2312,156.1208,2.0383,1558.6311,1557.8865,415.7229,19.5904,197.9912,1813.3242,12.8237,927.6382,0.5116,415.2674,0.229,1.4833,15.1173,-7.1042,0.1577,0.2129,39.5164,7.8845,31.1344,2.4045,0.0,16.3651,0.1095,0.0
X07351001,-36.0,-71.7228,Rio Longavi En Longitudinal,DGA,Chile,CAMELS-cl (updated),833.9185,0.7147,6749,6744,-36.2775,-71.3299,344.5917,3.3662,1198.1737,1227.8306,581.2154,15.0566,204.7393,1762.5399,12.9733,963.1839,0.5465,259.5046,0.1472,1.4537,14.9308,-4.0088,0.1565,0.2105,48.7728,9.7464,19.1835,10.7231,0.0313,9.3022,0.1063,0.0
X07354001,-35.9636,-71.4881,Rio Achibueno En Los Pegnascos,DGA,Chile,CAMELS-cl (updated),974.2496,1.3669,11839,11260,-36.0822,-71.2484,231.7472,2.0945,1260.096,1163.6964,634.5475,16.7915,202.0325,1828.0567,12.9847,952.0521,0.5208,306.4289,0.1676,1.4679,15.0666,-8.8487,0.3479,0.4829,49.4154,8.0727,18.1872,3.6513,0.005,17.661,0.1333,0.0
X07354002,-36.0028,-71.4419,Rio Achibueno En La Recova,DGA,Chile,CAMELS-cl (updated),894.35,1.489,13250,13249,-36.0848,-71.2306,213.0685,2.0098,1325.1126,1268.7634,620.7297,17.68,203.9305,1835.5918,12.9623,947.8825,0.5164,329.4329,0.1795,1.472,15.0885,-9.6388,0.3479,0.4829,47.8732,7.5989,19.457,2.6665,0.0055,19.2378,0.1452,0.0
X07355001,-35.9,-71.5167,Rio Ancoa En El Llepo,DGA,Chile,CAMELS-cl (updated),374.9535,0.406,5972,5825,-35.904,-71.2293,148.5133,2.1636,1150.7376,1123.903,583.3771,17.5435,197.8839,1753.8257,13.1093,991.445,0.5653,180.4933,0.1029,1.4447,15.4099,-4.9328,0.0432,0.0761,49.7023,12.6392,16.7463,4.6041,0.0026,14.9958,0.192,0.0
X07355002,-35.9086,-71.2981,Rio Ancoa En El Morro,DGA,Chile,CAMELS-cl (updated),273.8244,0.5338,23931,23926,-35.8982,-71.1789,97.0824,1.655,1377.5152,1352.8247,504.012,20.8125,191.333,1809.8724,12.9406,974.9215,0.5387,244.8406,0.1353,1.4679,15.535,-6.4328,0.0407,0.0718,42.6068,10.7419,22.4754,1.9612,0.0,20.5401,0.2629,0.0
X07359001,-35.6169,-71.7678,Rio Loncomilla En Las Brisas,DGA,Chile,CAMELS-cl (updated),9923.6846,0.209,16618,16618,-36.0217,-71.7609,1079.9203,3.0581,491.2479,228.1206,543.8071,6.3459,202.7833,1310.3302,13.7076,1103.8968,0.8425,68.3774,0.0522,1.3348,14.6109,-1.3888,0.5452,0.7665,29.6794,14.3653,7.8175,43.4466,0.5616,3.3675,0.1363,0.0
X07383001,-35.4069,-72.2083,Rio Maule En Forel,DGA,Chile,CAMELS-cl (updated),20486.1513,0.2479,13791,13700,-35.8577,-71.4249,1492.0972,2.9408,892.7916,406.4025,874.6149,9.0307,202.024,1314.2402,13.5059,1034.9668,0.7875,251.5494,0.1914,1.3646,15.1331,-2.2523,1.5731,1.9616,23.9086,12.3345,11.9488,31.5816,0.6184,18.2931,0.6084,3.0
X08105001,-36.6583,-71.3208,Rio Ñuble En La Punilla,DGA,Chile,CAMELS-cl (updated),1254.281,1.0898,22530,22527,-36.6837,-71.1949,321.0075,2.5569,1697.474,1708.9089,410.1174,17.8663,177.5246,1645.9243,12.783,896.9772,0.545,472.5859,0.2871,1.472,15.282,-8.6949,0.4994,0.5028,21.6544,5.587,42.5237,1.7498,0.0,26.4403,0.0872,0.0
X08106001,-36.5703,-71.5547,Rio Ñuble En San Fabian,DGA,Chile,CAMELS-cl (updated),1657.9157,0.9405,16794,16794,-36.6783,-71.2478,364.2063,2.5233,1592.8251,1616.1039,457.2688,18.0163,178.1776,1703.4305,12.7927,900.8709,0.5289,438.0549,0.2572,1.4754,15.2061,-7.3434,0.5904,0.6095,29.8801,6.6116,37.2306,2.9075,0.0,21.4092,0.0736,0.0
X08106002,-36.5856,-71.5256,Rio Uble En San Fabian N 2,DGA,Chile,CAMELS-cl (updated),1645.5872,0.9476,8999,8999,-36.679,-71.2457,355.0342,2.4689,1600.5089,1619.9097,450.0316,18.0731,178.4784,1701.7194,12.7916,900.3589,0.5291,441.0982,0.2592,1.4756,15.2097,-7.3984,0.5904,0.6095,29.579,6.6058,37.4937,2.8151,0.0,21.5694,0.0742,0.0
X08115001,-36.55,-72.1,Rio Gnuble En Longitudinal,DGA,Chile,CAMELS-cl (updated),3053.914,0.5106,6647,6601,-36.6472,-71.466,540.5115,2.7591,1124.6313,1169.3068,671.5677,12.6633,197.332,1759.8471,12.8977,949.7715,0.5397,256.3737,0.1457,1.4538,14.9753,-4.2502,0.5904,0.6095,40.5527,5.9941,21.1665,18.6625,0.2355,11.869,0.0918,0.0
X08117001,-36.6333,-72.2167,Rio Chillan En Longitudinal,DGA,Chile,CAMELS-cl (updated),730.7736,0.3952,6127,6127,-36.7361,-71.8551,296.5931,3.095,542.0236,303.2078,544.6788,4.7617,229.0052,1698.823,12.9062,1022.7355,0.602,67.2687,0.0396,1.4181,14.8545,-4.8401,0.128,0.1372,39.2067,7.5806,2.0232,43.651,4.4299,2.4965,0.0013,0.0
X08117004,-36.7867,-71.7486,Rio Chillan En Esperanza,DGA,Chile,CAMELS-cl (updated),206.0423,1.4017,15976,15976,-36.8226,-71.5613,116.3899,2.2873,1284.5084,1187.0355,490.4058,13.5774,216.0605,1963.637,12.3824,890.3622,0.4534,231.8437,0.1181,1.5256,15.5076,-17.1421,0.128,0.1372,73.8138,6.1597,5.9465,3.0941,0.0047,8.8417,0.0,0.0
X08117005,-36.6167,-72.3167,Rio Chillan En Camino A Confluencia,DGA,Chile,CAMELS-cl (updated),798.3291,0.3618,20924,18298,-36.7281,-71.8889,343.8985,3.4335,502.7023,268.7503,537.0049,4.425,226.3806,1656.9629,12.953,1032.6884,0.6232,61.5851,0.0372,1.4097,14.845,-4.4312,0.128,0.1372,36.3758,7.6998,1.865,47.1039,4.109,2.2856,0.0019,0.0
X08117006,-36.8,-71.6608,Rio Chillan En Esperanza N 2,DGA,Chile,CAMELS-cl (updated),167.3614,1.7257,6875,6869,-36.8241,-71.5337,86.9375,1.8957,1401.6885,1336.3755,465.8938,14.61,221.0546,1956.1198,12.3892,887.6416,0.4538,257.1606,0.1315,1.5252,15.5048,-21.103,0.128,0.1372,70.4886,6.0674,7.2858,2.6456,0.0,10.8847,0.0,0.0
X08130001,-36.8606,-71.6253,Rio Renegado En Invernada,DGA,Chile,CAMELS-cl (updated),128.6472,2.0916,24402,23501,-36.8905,-71.4844,87.5011,2.1762,1603.7759,1541.9169,487.8212,13.4833,212.4116,1927.3178,12.4155,877.2175,0.4551,354.1621,0.1838,1.5238,15.4939,-31.8436,0.1134,0.1155,59.7694,6.6039,8.5136,1.7322,0.0909,20.0619,0.0,0.0
X08130002,-36.9244,-71.5756,Rio Diguillin En San Lorenzo (Atacalco),DGA,Chile,CAMELS-cl (updated),204.4059,1.5008,26363,26363,-36.9646,-71.4809,110.8286,2.1868,1504.4372,1462.5664,403.3881,18.0431,200.37,1910.9519,12.3584,877.6296,0.4593,329.5518,0.1725,1.5252,15.5663,-6.3731,0.1332,0.1511,51.0732,13.7692,20.2605,3.5569,0.0,9.1803,0.0,0.0
X08132001,-36.8667,-72.3333,Rio Diguillin En Longitudinal,DGA,Chile,CAMELS-cl (updated),1299.7817,0.443,20144,20073,-36.9272,-71.7798,365.4494,2.8595,782.6719,603.9157,580.5363,7.3884,228.9338,1802.8219,12.5236,960.5357,0.5328,114.9383,0.0638,1.4713,15.2599,-4.1543,0.2465,0.2666,45.7869,7.1013,4.612,37.8865,0.4466,3.4332,0.0134,0.0
X08133001,-36.85,-72.3833,Rio Itata En Cerro Negro,DGA,Chile,CAMELS-cl (updated),3187.4075,0.1807,9879,9879,-37.0282,-71.8701,469.7153,2.347,648.1459,460.1057,522.6519,5.9858,226.1304,1756.5578,12.3986,981.5046,0.5588,67.3786,0.0384,1.467,15.3474,-1.692,0.2465,0.2666,49.6557,6.7422,3.6857,37.4735,0.4052,1.5167,0.0305,0.0
X08135002,-36.65,-72.45,Rio Itata En Balsa Nueva Aldea,DGA,Chile,CAMELS-cl (updated),4510.0595,0.1277,22899,22899,-36.9554,-72.0018,635.7873,2.6706,503.4387,288.0861,496.0906,4.785,222.6682,1617.3804,12.6611,1018.2417,0.6296,47.7838,0.0295,1.4308,15.1906,-1.1971,0.2465,0.2666,43.2918,9.0061,2.8888,42.6288,0.5736,1.0737,0.0717,0.0
X08140002,-36.6261,-72.4892,Rio Itata En Paso Hondo,DGA,Chile,CAMELS-cl (updated),9855.7724,0.2459,6490,6489,-36.7647,-71.8367,993.4601,2.8229,643.0034,329.4437,628.483,6.6309,217.269,1623.7059,12.8973,1016.3029,0.6259,106.3359,0.0655,1.4202,14.9847,-2.2233,0.9649,1.0133,37.0551,8.0146,8.1589,40.6999,0.8472,4.3558,0.0709,0.0
X08141001,-36.4669,-72.6911,Rio Itata En Coelemu,DGA,Chile,CAMELS-cl (updated),10402.2093,0.233,13610,13226,-36.7545,-71.8778,1072.6748,2.9669,616.4896,298.4946,622.4073,6.4991,214.8473,1590.2665,12.9436,1022.1246,0.6427,100.7684,0.0634,1.4139,14.9713,-2.1069,0.9649,1.0133,38.2716,8.5692,7.7785,39.4498,0.836,4.1626,0.1141,0.0
X08304001,-38.4333,-71.2333,Rio Lonquimay Antes Junta Rio Bio Bio,DGA,Chile,CAMELS-cl (updated),466.6706,1.9491,13903,13903,-38.5088,-71.4323,197.6387,2.5808,1359.6796,1371.0452,299.7677,12.7687,175.6443,1614.205,11.7204,855.9471,0.5303,256.7627,0.1591,1.6127,17.2308,-9.5694,0.5117,0.4441,59.4155,11.4525,14.825,6.0212,0.2492,5.4428,0.0858,0.0
X08307002,-38.2008,-71.2989,Rio Bio-Bio En Llanquen,DGA,Chile,CAMELS-cl (updated),3355.6135,0.3216,7861,7861,-38.5165,-71.2089,463.1538,2.2555,1460.4352,1447.4026,318.9498,11.293,192.404,1267.1148,11.8191,869.583,0.6863,221.4463,0.1748,1.5322,17.5703,-1.6479,0.5459,0.4954,42.776,16.5645,27.7331,1.9623,0.0366,9.4828,0.7662,0.0
X08308000,-38.0661,-71.3497,Rio Lomin En Puente La Junta,DGA,Chile,CAMELS-cl (updated),398.4483,1.9056,1236,1236,-37.9376,-71.2755,154.8489,2.1884,1619.6906,1614.8582,396.6485,13.6808,181.7712,1462.2032,12.0327,873.9657,0.5977,325.2192,0.2224,1.5439,17.5674,-14.2323,0.364,0.3122,43.1053,10.2807,23.0224,0.9066,0.0,19.4952,0.5592,0.0
X08312001,-37.9897,-71.52,Rio Bio Bio Ante Junta Huiri Huiri,DGA,Chile,CAMELS-cl (updated),5233.1203,0.5985,6587,6495,-38.3664,-71.2682,595.3568,2.3216,1452.4962,1440.4883,348.4862,12.4734,190.403,1397.7248,11.8298,869.3491,0.622,249.1007,0.1782,1.5514,17.5323,-4.0937,1.4847,1.4207,48.0473,12.9551,23.7038,2.5189,0.0235,10.7449,0.8427,1.0
X08313000,-37.8986,-71.5806,Rio Pangue En Captacion,DGA,Chile,CAMELS-cl (updated),135.5528,2.6623,6718,6716,-37.881,-71.4769,70.9074,1.718,1519.8009,1478.3525,405.5413,16.0454,235.0671,1794.2737,11.799,885.4905,0.4935,262.8377,0.1465,1.6106,17.4248,4.2686,0.1567,0.2298,60.9941,2.4648,20.3862,1.3922,0.0,10.5389,0.0,0.0
X08313001,-37.8997,-71.6239,Rio Bio Bio Ante Junta Pangue,DGA,Chile,CAMELS-cl (updated),5437.799,0.5759,7056,7010,-38.3527,-71.2801,617.2098,2.3611,1441.6066,1428.8934,351.5282,12.6378,189.6673,1426.2927,11.8193,870.2689,0.6102,247.0354,0.1732,1.5556,17.5031,-3.8563,1.4847,1.4207,49.0112,12.5401,23.1937,2.8693,0.0227,10.3527,0.8868,2.0
X08317001,-37.7106,-71.9017,Rio Biobio En Rucalhue,DGA,Chile,CAMELS-cl (updated),7252.4742,0.5203,24762,24762,-38.2038,-71.3373,791.9569,2.6233,1383.5919,1388.7194,403.0101,13.537,189.552,1542.1396,11.8067,875.5289,0.5677,244.1381,0.1583,1.567,17.3575,-3.118,1.754,1.8037,53.2327,10.9679,21.289,3.3243,0.0181,9.3624,0.7645,3.0
X08317004,-37.7964,-71.6989,Rio Biobio En La Culebra,DGA,Chile,CAMELS-cl (updated),6715.1397,0.5619,2584,2584,-38.2429,-71.3084,722.8322,2.4883,1424.0116,1417.4852,371.8171,13.4825,189.2292,1490.8137,11.8218,872.2364,0.5851,253.9286,0.1703,1.5621,17.4272,-3.3656,1.754,1.8037,51.3831,11.579,22.4423,2.7337,0.0195,10.0167,0.7394,2.0
X08317005,-37.7092,-71.8236,Rio Biobio En Puente Piulo,DGA,Chile,CAMELS-cl (updated),7122.0659,0.5298,2538,2538,-38.2111,-71.3291,763.7495,2.553,1396.3355,1398.0696,392.4539,13.5985,189.8447,1527.8644,11.8108,874.4303,0.5723,247.3404,0.1619,1.5655,17.3732,-3.1747,1.754,1.8037,52.9513,11.1074,21.6341,2.9302,0.0184,9.5328,0.7762,3.0
X08319001,-37.6019,-72.2783,Rio Biobio En Longitudinal,DGA,Chile,CAMELS-cl (updated),7859.9799,0.48,5621,5438,-38.1648,-71.3864,911.7607,2.9011,1307.3482,1344.4583,472.6929,12.8109,190.4084,1594.4541,11.8158,883.1823,0.5539,226.788,0.1422,1.5673,17.2572,-2.8786,1.754,1.8037,53.5411,10.4301,19.7728,5.7806,0.049,8.6437,0.7338,3.0
X08323001,-37.5422,-72.3119,Rio Duqueco En Cerrillos,DGA,Chile,CAMELS-cl (updated),1338.9287,0.752,19032,19032,-37.5353,-71.8169,379.5739,2.9263,738.2962,542.225,532.9607,8.0613,216.1771,2047.9366,11.9001,947.1607,0.4625,97.2713,0.0475,1.5606,16.1447,-8.6569,0.5427,0.7095,66.9369,5.1547,5.0809,19.1507,0.1604,2.3216,0.0274,0.0
X08323002,-37.55,-72.0333,Rio Duqueco En Villucura,DGA,Chile,CAMELS-cl (updated),817.0354,1.2324,25120,24934,-37.5264,-71.6672,278.7118,2.7506,1018.4404,936.1676,506.0239,12.2729,209.6011,2038.4711,11.738,914.8236,0.4488,156.0531,0.0766,1.5905,16.3756,-14.186,0.5427,0.7095,75.9802,3.2019,7.6462,7.8832,0.0024,3.8044,0.0426,0.0
X08334001,-37.5503,-72.5903,Rio Biobio En Coihue,DGA,Chile,CAMELS-cl (updated),11136.9362,0.4292,12211,12211,-38.014,-71.5715,1068.1267,2.8552,1078.1516,1162.7405,587.8355,10.7194,196.2187,1712.3138,11.8888,908.3955,0.5305,174.4907,0.1019,1.5593,16.8757,-3.07,2.2967,2.5131,56.0328,8.7043,14.8211,12.3309,0.1879,6.3923,0.5527,3.0
X08372002,-37.1072,-71.2422,Rio Polcura En Cuatro Junta,DGA,Chile,CAMELS-cl (updated),235.3514,1.4474,5449,5409,-37.0876,-71.1911,98.8109,1.8169,1997.6606,2005.843,294.7063,14.9292,193.0619,1353.8782,12.448,876.0754,0.6471,419.1176,0.3096,1.4509,16.2022,-12.4165,0.0964,0.085,10.243,1.4249,44.8806,0.1073,0.0,40.7527,0.5241,0.0
X08376001,-37.34,-71.7942,Rio Rucue En Camino A Antuco,DGA,Chile,CAMELS-cl (updated),210.8926,0.4037,11818,11818,-37.4238,-71.6142,135.5908,2.6339,1208.7238,1201.1545,416.0987,16.6128,191.3058,2025.9949,11.7719,885.0166,0.4368,160.5398,0.0792,1.5847,16.5204,-5.7879,0.0275,0.0455,78.7254,2.9458,10.6362,3.1479,0.0,3.8162,0.078,0.0
X08380001,-37.2836,-71.9836,Rio Laja En Tucapel,DGA,Chile,CAMELS-cl (updated),2766.8765,0.9478,13477,13329,-37.2833,-71.4003,481.2911,2.5811,1519.9703,1573.9061,491.3521,14.8894,187.8633,1723.0317,12.1031,863.4918,0.5011,352.0961,0.2043,1.534,16.2945,-9.6418,1.0588,1.1063,34.7155,5.5532,29.7876,3.2177,0.0602,21.1828,2.6835,4.0
X08380006,-37.2792,-71.9847,Rio Laja En Tucapel 2,DGA,Chile,CAMELS-cl (updated),2767.6829,0.9476,2677,2509,-37.2833,-71.4005,482.8574,2.5891,1519.6115,1573.7305,491.7302,14.8853,187.8761,1723.1339,12.103,863.5232,0.5011,351.9964,0.2043,1.534,16.2944,-9.639,1.0588,1.1063,34.7124,5.557,29.7789,3.2288,0.0602,21.1767,2.6828,4.0
X08381003,-37.2119,-72.3242,Rio Laja Ag.Arr. Del Salto (Rec.R.Laja),DGA,Chile,CAMELS-cl (updated),3006.0534,0.8724,3194,2700,-37.2788,-71.4574,620.4522,3.1923,1417.1544,1524.9727,587.2864,13.7615,191.8547,1715.8843,12.1359,878.4909,0.512,324.2024,0.1889,1.525,16.214,-8.8757,1.0588,1.1063,35.6348,6.3926,27.558,5.059,0.0705,19.5169,2.494,4.0
X08383001,-37.2333,-72.5333,Rio Laja En Puente Perales,DGA,Chile,CAMELS-cl (updated),3424.746,0.7658,21820,21820,-37.2771,-71.5662,712.8886,3.4364,1262.3556,1443.4824,689.4011,12.1791,195.2375,1672.1527,12.2173,904.8609,0.5411,284.6118,0.1702,1.5079,16.0713,-7.7918,1.0588,1.1063,36.2191,7.068,24.2825,9.9889,0.0812,17.1345,2.2588,4.0
X08394001,-36.8386,-73.0619,Rio Biobio En Desembocadura,DGA,Chile,CAMELS-cl (updated),24267.728,0.305,16593,16535,-37.7392,-71.9601,1682.1297,3.0461,801.0494,594.4835,648.3186,8.4741,192.6665,1590.3877,12.2298,955.4445,0.6008,125.1594,0.0787,1.5065,16.3381,-2.5117,3.3555,3.6194,54.7864,8.2444,10.9019,18.1586,0.4563,5.362,0.966,7.0
X09122002,-38.4508,-71.8658,Rio Blanco En Curacautin,DGA,Chile,CAMELS-cl (updated),170.9067,1.7557,12976,12898,-38.3758,-71.7175,111.3376,2.4025,1294.6482,1284.0007,430.3202,10.6436,210.1907,2296.5116,11.2443,836.3259,0.3642,236.6289,0.103,1.7536,18.3474,-22.4608,0.1225,0.1462,60.453,1.6988,8.3547,15.2931,0.0,11.6815,0.2795,0.0
X09123001,-38.4303,-72.0106,Rio Cautin En Rari-Ruca,DGA,Chile,CAMELS-cl (updated),1305.3373,1.2579,26243,26243,-38.4526,-71.7258,261.2885,2.0401,1122.266,1095.1089,408.6522,10.6092,208.0058,2339.8427,11.165,833.6916,0.3563,210.7949,0.0901,1.7662,18.6339,-6.6272,0.3974,0.899,68.1471,1.3109,5.9517,15.5669,0.2463,6.2673,0.0556,0.0
X09129002,-38.6867,-72.5028,Rio Cautin En Cajon,DGA,Chile,CAMELS-cl (updated),2755.3663,0.5959,26001,25960,-38.4966,-71.9681,466.3997,2.5065,761.2345,633.7623,480.8843,6.79,216.8907,2286.6666,11.0374,864.2465,0.378,115.0469,0.0503,1.7516,18.7117,-3.1078,0.3974,0.899,54.0945,1.0956,3.468,36.4005,0.4018,2.9685,0.0433,0.0
X09131001,-38.6833,-72.2333,Rio Quepe En Vilcun,DGA,Chile,CAMELS-cl (updated),378.9327,3.4228,23426,22925,-38.7052,-71.9283,172.3363,2.4974,929.2533,869.4466,432.4614,6.9913,233.4929,2605.4169,10.7652,835.1376,0.3205,90.2165,0.0346,1.8407,20.0744,-8.1733,0.0226,1.1575,74.5188,0.2812,3.115,14.2392,0.1693,2.4981,0.2058,0.0
X09135001,-38.85,-72.6167,Rio Quepe En Quepe,DGA,Chile,CAMELS-cl (updated),1666.1446,0.7785,20038,19875,-38.7877,-72.1585,345.415,2.3872,504.9646,378.2206,376.4249,4.8538,223.6373,2473.0208,10.8247,881.3633,0.3564,28.0742,0.0114,1.7991,19.7446,-1.8572,0.0226,1.1575,54.6084,0.277,1.337,41.7361,0.179,0.5676,0.0479,0.0
X09140001,-38.78,-72.9469,Rio Cautin En Almagro,DGA,Chile,CAMELS-cl (updated),5549.3886,0.5417,20018,19922,-38.6496,-72.1666,675.2778,2.5571,552.8768,384.6782,469.2365,5.1158,217.6665,2233.4801,11.048,890.9375,0.3989,65.5057,0.0293,1.7422,18.9098,-2.1448,0.4309,2.1233,47.0934,0.8932,2.2158,45.5909,1.1016,1.6556,0.0483,0.0
X09400000,-38.8444,-71.6536,Rio Truful En Camino Internacional,DGA,Chile,CAMELS-cl (updated),372.6444,4.0401,3038,3038,-38.7153,-71.6056,149.4464,2.1839,1343.2631,1364.2031,350.8891,14.3279,174.3284,2098.8435,11.1561,827.9257,0.3945,239.2162,0.114,1.7702,18.5733,-28.7312,0.2275,0.6512,57.4987,0.8903,10.6534,2.3705,0.0,16.793,2.1633,0.0
X09402001,-38.8653,-71.7336,Rio Allipen En Melipeuco,DGA,Chile,CAMELS-cl (updated),829.6032,4.3435,14030,14025,-38.812,-71.5698,232.0443,2.2726,1291.9513,1333.7048,395.7262,15.1767,183.487,2018.2176,11.1391,830.4483,0.4115,222.8049,0.1104,1.7708,18.8217,-46.5765,5.5138,3.6323,65.033,1.6982,10.2923,3.304,0.0,10.2425,0.9887,0.0
X09404001,-38.9833,-72.2333,Rio Allipen En Los Laureles,DGA,Chile,CAMELS-cl (updated),1674.0839,2.5668,25519,25443,-38.8581,-71.7253,365.681,2.5212,1019.4598,1049.9508,487.8324,11.6371,194.4301,2274.7452,10.9237,834.1203,0.3667,155.4941,0.0684,1.8188,19.7894,-26.1467,5.5444,4.0276,64.8748,1.2107,6.7178,13.7591,0.1502,7.0171,0.517,0.0
X09412001,-39.36,-71.5808,Rio Trancura En Curarrehue,DGA,Chile,CAMELS-cl (updated),356.9176,1.1458,19693,19663,-39.5017,-71.5566,157.0898,2.3456,1195.7469,1200.5734,420.3771,16.6106,177.6285,1923.6236,11.1487,783.2633,0.4072,164.463,0.0855,1.7859,19.5259,-2.2032,0.154,0.2451,80.3344,0.4357,8.6258,1.5047,0.0919,7.1441,0.4768,0.0
X09414001,-39.3333,-71.7667,Rio Trancura Antes Rio Llafenco,DGA,Chile,CAMELS-cl (updated),1379.3539,1.662,18767,18729,-39.3463,-71.5733,362.7732,2.7554,1145.0194,1165.7659,412.4844,15.1539,175.8487,2018.6118,11.1489,804.5378,0.3986,199.5625,0.0989,1.7934,19.6572,-5.6931,1.5359,1.5009,80.8192,1.001,6.5717,3.3804,0.0369,5.6701,0.3716,0.0
X09420001,-39.2667,-72.2333,Rio Tolten En Villarica,DGA,Chile,CAMELS-cl (updated),2931.8107,1.4641,25992,25987,-39.2832,-71.7152,433.499,2.2585,962.1619,990.1694,473.844,12.8087,177.846,2382.0963,10.9356,808.8149,0.3395,160.7464,0.0675,1.8518,20.5476,-6.4998,3.4453,3.466,75.8572,0.7074,5.4551,3.9389,0.318,3.6227,7.8729,0.0
X09423001,-39.1,-72.3833,Rio Tolten En Coipue,DGA,Chile,CAMELS-cl (updated),3487.9945,1.2708,11195,11156,-39.2751,-71.7926,537.4601,2.5672,877.1011,871.8519,488.5726,11.6003,183.8064,2476.0155,10.8924,814.8442,0.3291,137.0873,0.0554,1.8576,20.6767,-5.755,3.5022,3.5347,73.3573,0.844,4.9391,8.476,0.3219,3.1032,6.9258,0.0
X09437002,-39.0144,-73.0828,Rio Tolten En Teodoro Schmidt,DGA,Chile,CAMELS-cl (updated),7927.1604,1.1022,11139,11139,-39.1305,-72.0181,865.1788,2.7412,700.5763,520.4044,524.0037,9.3301,189.3405,2407.6569,10.9788,847.3749,0.352,96.8303,0.0402,1.8208,20.1778,-7.9962,9.038,7.5708,65.5235,0.9183,3.938,20.2348,0.2985,2.8473,3.9022,0.0
X10102001,-39.7267,-71.8497,Rio Liquine En Liquine,DGA,Chile,CAMELS-cl (updated),367.8629,1.9079,12419,12349,-39.7264,-71.758,188.3023,2.7695,1116.8445,1141.9911,348.229,15.94,187.3513,2031.442,10.8549,772.4991,0.3803,143.8875,0.0708,1.8422,20.8894,-10.0401,0.7485,0.9602,87.4409,0.0977,5.0722,0.5688,0.0586,4.1556,0.4205,0.0
X10111001,-39.7667,-72.475,Rio San Pedro En Desague Lago Rinihue,DGA,Chile,CAMELS-cl (updated),4384.55,0.8482,13931,13931,-39.8377,-71.8944,769.3041,3.2774,868.355,892.8086,467.3177,12.8463,175.9591,2369.4821,10.5966,786.0783,0.3318,128.4317,0.0542,1.9162,22.1716,-7.5975,3.7982,3.4747,76.9724,1.3341,4.8176,2.8135,0.2122,2.7792,9.8472,0.0
X10122001,-39.775,-72.9833,Rio Calle Calle En Balsa San Javier,DGA,Chile,CAMELS-cl (updated),6621.1754,0.5617,7676,7676,-39.8661,-72.1558,1026.9596,3.5603,679.5699,616.0359,488.2387,10.6718,183.3636,2374.5742,10.523,805.6388,0.3393,86.066,0.0362,1.908,22.2817,-5.0306,3.7982,3.4747,76.6796,0.9607,3.7993,9.0518,0.239,1.8402,6.5563,0.0
X10122003,-39.8044,-72.9025,Rio Calle Calle En Pupunahue,DGA,Chile,CAMELS-cl (updated),6497.1446,0.5724,5849,5815,-39.8664,-72.1406,997.2899,3.4902,689.109,635.8463,487.464,10.7488,183.2576,2386.6369,10.5157,804.0499,0.3369,87.704,0.0367,1.9113,22.3272,-5.1265,3.7982,3.4747,76.4331,0.9729,3.8361,9.1023,0.2392,1.8753,6.6684,0.0
X10304001,-40.25,-72.2667,Rio Calcurrupe En Desembocadura,DGA,Chile,CAMELS-cl (updated),1725.5756,0.5305,13451,13443,-40.2325,-71.9357,398.7645,2.708,927.4803,968.2947,439.2809,16.3391,179.9209,2423.258,10.161,740.7834,0.3057,121.8882,0.0503,2.067,25.4111,-4.7212,1.4899,0.8836,82.274,0.0755,6.5799,0.3759,0.0,5.5584,4.2589,0.0
X10306001,-40.2667,-72.2333,Rio Nilahue En Mayay,DGA,Chile,CAMELS-cl (updated),308.665,0.5809,13505,13471,-40.4408,-72.1183,151.0015,2.4246,911.6509,855.1723,473.8154,10.5823,173.5334,3149.5693,9.9525,753.5643,0.2393,132.4503,0.0421,2.197,28.2603,106.9543,0.3156,0.12,63.6586,0.3007,7.5346,0.3123,0.003,27.0412,0.2586,0.0
X10311001,-40.3167,-72.9667,Rio Bueno En Bueno,DGA,Chile,CAMELS-cl (updated),4160.1923,0.2631,7434,7209,-40.2495,-72.1926,641.3461,2.805,663.9478,611.2808,505.8672,11.6113,172.325,2681.3562,10.0156,761.9538,0.2842,71.6572,0.0267,2.0821,25.9961,5.8316,1.8055,1.0037,67.5626,0.094,4.7605,9.8152,0.0977,5.0097,12.0681,0.0
X10431000,-41.4275,-72.5928,Rio Blanco Ante Junta Rio Chamiza,DGA,Chile,CAMELS-cl (updated),30.5498,0.1161,3905,3887,-41.3926,-72.6072,40.2347,2.0535,521.9147,418.2299,267.8251,10.0536,160.1384,3640.6067,9.1215,709.2033,0.1948,8.4233,0.0023,2.4172,36.8923,9.3946,0.0011,0.0008,93.6702,0.03,1.1418,0.03,0.0,2.0829,0.0,0.0
X10520001,-41.6389,-72.1694,Rio Puelo En Desague Lago Tagua Tagua,DGA,Chile,CAMELS-cl (updated),8640.9172,2.6486,6913,6913,-41.8226,-71.7262,896.8456,2.7217,1067.3158,1075.4039,472.2956,18.7258,172.4343,1956.222,9.788,751.5241,0.3842,187.7563,0.096,1.9555,23.6501,-16.9313,12.8733,12.5516,63.9648,4.5335,10.0058,0.8976,0.096,14.2413,2.4678,0.0
X11151001,-45.35,-73.0333,Rio Cuervo En Desembocadura,DGA,Chile,CAMELS-cl (updated),702.0383,4.5352,706,703,-45.1645,-72.9501,263.2734,2.803,802.1927,758.6477,306.8504,14.8692,162.654,4010.3062,8.6101,597.2885,0.1489,104.6583,0.0261,3.4864,84.3593,-33.7936,1.9529,1.8796,61.4268,0.0233,10.5371,0.1272,0.0,11.6292,9.9227,0.0
X11312001,-45.8117,-71.9153,Rio Blanco Antes Junta Huemules,DGA,Chile,CAMELS-cl (updated),375.9219,0.1672,6447,6447,-46.0,-71.9688,176.3941,2.5664,1232.4007,1239.5704,324.4851,15.6265,182.6548,1056.836,8.9128,690.2586,0.6531,96.1508,0.091,1.7422,21.5284,-11.2458,0.0137,0.008,34.1262,3.0494,15.6595,1.3306,0.0023,45.233,0.0,0.0
X11315001,-45.5667,-72.0833,Rio Claro En Pisicultura,DGA,Chile,CAMELS-cl (updated),106.2408,0.5461,8770,8770,-45.5824,-72.2206,81.299,2.225,840.1238,821.9174,346.7684,17.674,156.7096,1715.8327,8.743,641.2527,0.3737,122.5924,0.0714,2.2537,28.6991,7.724,0.0159,0.0106,50.0741,5.8126,14.3186,12.9851,0.008,16.0055,0.0322,0.0
X11405001,-45.4667,-72.9333,Rio Lagunillas En Desague Lago Condor,DGA,Chile,CAMELS-cl (updated),172.4297,3.9634,10415,10415,-45.5617,-72.9537,92.3901,1.9848,655.522,631.041,411.832,17.7916,193.7588,3955.0003,8.5676,561.8335,0.1421,328.8452,0.0831,3.5552,80.0607,-36.7658,0.682,0.5182,73.4156,0.0,7.8778,0.0,0.0,7.4372,5.7838,0.0
X11504001,-46.25,-71.9667,Rio Claro Antes Junta Rio Ibagnez,DGA,Chile,CAMELS-cl (updated),266.5721,1.0092,1954,1954,-46.3197,-72.1753,136.0011,2.3498,1324.6092,1380.9198,386.1832,17.7227,155.7837,1197.4385,8.967,628.1736,0.5246,78.3263,0.0654,1.8297,22.6959,-11.1065,0.1185,0.0985,11.7214,3.1603,22.7788,0.0,0.0,60.2607,0.153,0.0
X11520002,-46.5836,-71.6672,Rio Jeinimeni En Chile Chico,DGA,Chile,CAMELS-cl (updated),1385.5506,2.5645,3245,3153,-46.804,-71.9076,298.0223,2.2586,1302.1245,1343.8995,410.0313,13.5692,176.5129,1004.4648,8.6109,545.1415,0.5427,360.7703,0.3592,1.91,26.1305,-21.9278,1.631,1.6688,2.2121,3.5955,23.5024,0.0,0.0066,66.4811,0.6482,0.0
X11532000,-47.1378,-73.0869,Rio Nef Antes Junta Estero El Revalse,DGA,Chile,CAMELS-cl (updated),202.6223,36.2653,1164,1164,-47.07,-73.2351,142.6342,2.8267,1025.7265,952.6774,467.0347,17.8471,148.5213,3112.0171,8.5185,522.0886,0.1678,472.8727,0.152,3.0337,47.6575,-448.7142,21.361,19.5826,7.9407,0.6123,22.0433,0.0,0.0,26.7088,3.2982,0.0
X11536001,-47.2517,-72.5644,Rio Cochrane En Cochrane,DGA,Chile,CAMELS-cl (updated),5083.1115,0.6207,10733,9463,-47.394,-71.8367,682.3646,2.6999,781.4894,625.0949,525.6748,8.633,173.6154,852.9081,8.6872,634.027,0.7434,220.3472,0.2583,1.7308,22.4466,-3.7221,2.3255,1.9455,3.4222,7.7026,20.1325,0.0,0.0103,58.8785,8.93,0.0
X12284006,-51.0508,-72.5169,Rio Las Chinas En Cerro Guido,DGA,Chile,CAMELS-cl (updated),902.3778,0.1389,15573,15308,-50.8029,-72.6923,253.5201,2.3807,744.964,775.3521,358.4993,10.0583,173.5997,1481.4831,8.5067,546.348,0.3688,212.025,0.1431,2.4621,33.2193,-1.4361,0.1263,0.0481,6.9616,0.6208,56.654,0.0,0.0,34.1101,0.7576,0.0
X12286002,-51.3139,-72.8292,Rio Rincon En Ruta Y-290,DGA,Chile,CAMELS-cl (updated),75.8337,3.1666,4659,4659,-51.3479,-72.9275,64.0517,2.0749,721.9658,725.6701,298.4962,14.2915,176.8308,2341.6626,8.5065,473.9999,0.2024,196.5616,0.0839,3.6584,57.5228,-14.9258,0.0702,0.1048,37.2204,0.0,20.7544,0.0,0.0,34.2542,0.1835,0.0
X12288002,-51.3019,-73.2075,Rio Geikie En Desembocadura,DGA,Chile,CAMELS-cl (updated),473.775,62.6586,1135,1135,-51.1885,-73.4008,212.6402,2.7558,848.6413,888.6271,478.9641,11.628,137.8513,4152.6398,8.5012,417.1184,0.1004,673.0809,0.1621,5.5537,182.7923,-813.5476,123.9122,116.9146,11.2808,0.0,9.426,0.0,0.0,8.9165,4.1414,0.0
X12288003,-51.2564,-73.1561,Rio Tindall En Desembocadura,DGA,Chile,CAMELS-cl (updated),120.034,25.3746,3806,3806,-51.1964,-73.245,99.3547,2.5582,477.1218,533.1735,294.9834,9.2219,178.1846,3439.1425,8.4838,432.1286,0.1257,494.5063,0.1438,4.6534,105.652,-1108.5495,18.3047,15.7831,18.8271,0.0,20.228,0.0,0.0,26.2302,9.1602,0.0
X12288004,-51.3128,-73.275,Rio Caadon 1 En Desembocadura,DGA,Chile,CAMELS-cl (updated),158.7565,27.8465,1026,1026,-51.2828,-73.3664,99.9094,2.2368,650.1696,588.6513,431.5399,18.0523,134.8764,4248.6335,8.5122,429.5729,0.1011,634.2679,0.1493,5.8797,212.2662,-39.7759,5.6464,3.4207,25.3545,0.0,20.1821,0.0,0.0,16.9477,4.066,0.0
X12289003,-51.2167,-72.9833,Rio Serrano Antes Junta Grey,DGA,Chile,CAMELS-cl (updated),5295.8697,0.1334,3208,3208,-51.0351,-72.4234,893.035,3.4617,543.0567,426.6479,403.9628,7.282,174.38,1229.1848,8.5589,549.8499,0.4473,147.874,0.1203,2.3064,33.1279,-1.782,0.3908,0.3061,9.3446,0.6032,60.7392,0.0,0.0009,24.2764,4.278,0.0
X10343001,-40.9368,-72.6904,Rio Coihueco Antes Junta Pichicope,PMETobs,Multiple,PMETobs v11 (updated),366.6819,0.17,12792,12792,-40.9774,-72.5186,137.6698,2.0281,554.9761,491.5095,307.071,9.5325,208.8416,3181.5345,9.3821,719.3858,0.2261,17.0525,0.0054,2.2426,32.4041,-1.3261,0.0249,0.028,94.2759,0.01,3.1102,1.2477,0.0,0.9639,0.005,0.0
X00001807,-41.3477,-71.6414,Manso Los Moscos,PMETobs,Multiple,PMETobs v11 (updated),702.9515,2.3113,24962,24877,-41.3062,-71.6125,226.7805,2.4129,1313.2588,1285.7509,362.1177,17.2249,158.6446,1616.6007,10.081,723.5821,0.4476,234.2254,0.1449,1.8862,22.5336,-17.0644,1.6413,1.1794,62.8204,1.8542,9.0736,0.3687,0.0052,16.2206,6.6224,0.0
X00001806,-41.3737,-71.7459,Manso Los Alerces,PMETobs,Multiple,PMETobs v11 (updated),846.0717,1.9203,26291,26291,-41.3079,-71.6377,221.6281,2.1494,1287.7036,1262.229,355.258,17.0169,159.227,1666.8023,10.028,722.242,0.4333,236.0661,0.1416,1.9119,23.0514,-14.5577,1.6413,1.1794,66.0986,1.6425,8.7624,0.3355,0.0043,14.4241,6.1234,0.0
X10414001,-41.4,-73.2167,Rio Maullin En Las Quemas,PMETobs,Multiple,PMETobs v11 (updated),2276.4746,0.1027,9211,9211,-41.2072,-72.8542,349.6091,2.067,142.546,84.2736,203.9112,2.0455,133.6124,3206.0526,9.2467,680.06,0.2121,1.094,0.0003,2.3363,35.5002,-1.7348,0.1089,0.1457,40.6879,0.7363,4.3366,13.1832,1.9202,0.5489,37.9279,0.0
X10432002,-41.4417,-72.8089,Rio Chamiza Ante Junta Rio Chico,PMETobs,Multiple,PMETobs v11 (updated),590.6891,0.247,7144,7140,-41.4597,-72.5534,180.3228,2.093,599.4617,561.692,363.5771,15.3829,180.176,3595.717,9.1591,694.7348,0.1932,27.2643,0.0076,2.411,36.6983,-2.3607,0.0744,0.0448,86.6785,0.0294,2.4364,0.0805,0.0046,1.8023,8.0087,0.0
X00001805,-41.5159,-71.5364,Manso Lago Steffen,PMETobs,Multiple,PMETobs v11 (updated),1276.7871,1.2858,14704,14704,-41.3533,-71.6675,256.4279,2.0244,1242.1551,1221.2211,359.1264,17.7743,158.0699,1735.1464,9.9305,721.5035,0.4158,235.2404,0.1356,1.9521,23.8943,-9.2061,1.6462,1.184,69.9241,1.1826,8.3637,0.3034,0.0029,13.0247,5.3473,0.0
X00001814,-41.5868,-71.6837,Manso Confluencia,PMETobs,Multiple,PMETobs v11 (updated),1809.7948,0.9071,20811,20811,-41.4014,-71.6023,324.704,2.1531,1241.1841,1227.5173,384.4633,17.1071,165.3848,1634.4182,9.9213,726.7572,0.4447,235.7683,0.1443,1.9175,23.5061,-6.5873,1.6462,1.184,68.0787,2.2479,9.1513,0.4473,0.002,14.8876,3.7881,0.0
X10523002,-41.611,-72.237,Rio Puelo En Carrera Basilio,PMETobs,Multiple,PMETobs v11 (updated),8870.5804,2.5872,26828,26828,-41.8156,-71.7371,842.935,2.5247,1064.3209,1072.9041,471.4463,18.9189,172.9141,1982.4315,9.7841,751.4236,0.379,186.3608,0.094,1.9627,23.7252,-16.4374,12.8773,12.5715,64.3135,4.3821,10.0132,0.8831,0.0935,14.1946,2.4152,0.0
X00001831,-41.6818,-71.5646,Escondido El Foyel,PMETobs,Multiple,PMETobs v11 (updated),192.3082,0.8741,16862,16862,-41.7054,-71.6841,97.674,1.9869,1273.3379,1287.101,352.1246,20.6648,172.1018,1807.7008,9.6065,740.5328,0.4097,174.4759,0.0965,2.0301,25.7654,-11.7452,0.0922,0.0666,64.5336,1.3848,11.2307,0.2548,0.0,17.578,4.0326,0.0
X10503001,-41.7282,-72.0189,Rio Manso Antes Junta Rio Puelo,PMETobs,Multiple,PMETobs v11 (updated),3577.932,0.563,7681,7681,-41.5143,-71.6546,451.5353,2.1295,1176.222,1172.2843,397.9048,17.9224,170.5254,1785.0767,9.7937,733.5968,0.411,211.3573,0.1184,1.9707,24.5553,-5.3627,1.8113,1.3148,72.7405,2.2115,8.6353,0.6861,0.0011,12.4472,2.3581,0.0
X10514001,-41.7678,-72.0523,Rio Puelo Antes Junta Con Manso,PMETobs,Multiple,PMETobs v11 (updated),4787.9678,4.3316,7970,7970,-42.0604,-71.7583,603.3152,2.4596,1007.2707,991.0611,500.8173,19.1874,173.6451,2021.4434,9.7895,765.7083,0.3788,171.2441,0.0847,1.9283,22.836,-26.2562,11.0087,11.2172,56.7543,6.4073,11.1558,1.0931,0.1718,16.0286,2.3841,0.0
X00001817,-41.9424,-71.5604,Azul El Azul,PMETobs,Multiple,PMETobs v11 (updated),346.8614,0.8206,18978,18978,-41.8451,-71.6633,118.7115,1.7981,1251.6328,1279.2175,398.9657,21.2041,151.5653,1616.8342,9.8108,787.4224,0.487,103.0395,0.0637,1.8725,22.3306,-4.0866,0.1102,0.0823,63.1228,2.1411,10.8013,0.3543,0.0021,22.4388,0.11,0.0
X00002314,-42.0897,-71.6211,Rio Azul Puesto 2,PMETobs,Multiple,PMETobs v11 (updated),1171.615,0.3971,4756,4756,-41.8886,-71.546,253.9545,2.0929,1119.4395,1123.144,468.9231,16.6874,173.7478,1388.4576,9.8872,809.3121,0.5829,102.6166,0.0739,1.752,20.6235,0.0416,0.1716,0.1284,59.9002,7.7617,10.5313,1.6988,0.6221,18.3107,0.1146,0.0
X00002204,-42.4956,-71.5411,Carrileufu Cholila,PMETobs,Multiple,PMETobs v11 (updated),831.1969,3.8687,24127,24093,-42.433,-71.7485,219.1996,2.1448,1215.2183,1209.0131,425.4901,19.3643,166.3169,1754.5999,9.74,744.486,0.4243,138.0745,0.0787,1.9,21.5255,-31.8403,1.7725,1.389,35.8371,6.0102,26.0052,0.2108,0.0,24.2797,2.2934,0.0
X00002221,-42.7442,-71.7417,Rio Arrayanes Lago Verde,PMETobs,Multiple,PMETobs v11 (updated),2826.2122,2.0331,5483,5483,-42.5388,-71.6906,421.5096,2.2367,1099.5018,1071.7794,396.9611,15.9039,181.6482,1673.3014,9.6868,755.632,0.4516,132.6081,0.0792,1.8769,21.6957,-16.6017,2.9337,2.3408,45.2259,11.7524,16.9844,1.717,0.0366,17.1359,4.1163,0.0
X00002220,-43.1747,-71.6236,Futaleufu Puesto Rios,PMETobs,Multiple,PMETobs v11 (updated),7188.119,1.2304,6151,6151,-42.8205,-71.5934,708.3127,2.3567,1031.0555,979.6853,397.8393,13.332,179.7041,1436.9588,9.5926,774.554,0.539,102.0747,0.071,1.8002,21.1514,-9.7984,3.5074,3.6505,40.4077,16.1042,20.4302,2.6689,0.1626,14.2508,4.0132,1.0
X10702002,-43.1771,-71.7539,Rio Futaleufu En La Frontera,PMETobs,Multiple,PMETobs v11 (updated),7317.5778,1.2126,8153,8153,-42.8265,-71.5956,671.4464,2.2142,1028.6825,977.6694,400.0311,13.3746,179.0747,1438.6462,9.5905,774.3096,0.5382,101.6958,0.0707,1.8017,21.1725,-9.7972,3.5138,3.6534,40.771,15.9288,20.2304,2.7114,0.1599,14.2972,3.9571,1.0
X10701002,-43.2159,-71.9426,Rio Espolon En Desague Lago Espolon,PMETobs,Multiple,PMETobs v11 (updated),486.5158,4.9517,7130,7130,-43.0723,-72.0945,171.6105,2.1948,1052.1881,1061.9695,397.3208,23.2662,147.3308,2535.9807,9.3533,692.2845,0.273,144.7053,0.0571,2.2772,28.4724,-19.642,0.8934,0.99,60.2514,0.078,10.7876,0.2594,0.0,18.8493,2.9876,0.0
X10704002,-43.4495,-72.1114,Rio Futaleufu Ante Junta Rio Malito,PMETobs,Multiple,PMETobs v11 (updated),8676.727,1.4552,7290,7290,-42.8852,-71.6608,779.129,2.3595,1023.1258,981.7889,404.0584,14.685,177.665,1575.3428,9.5488,762.7778,0.4842,107.3436,0.0681,1.8697,22.1904,-9.8169,4.861,5.0968,44.5185,13.4766,18.7879,2.4306,0.1418,14.7934,3.6159,1.0
X00002226,-43.5166,-71.6091,Rio Hielo Confluencia,PMETobs,Multiple,PMETobs v11 (updated),821.4842,0.8493,14137,14137,-43.3962,-71.6788,239.7408,2.3596,1027.6594,959.9999,334.5939,11.8107,185.412,1515.6672,9.3516,738.591,0.4873,129.7059,0.0856,1.9258,23.2066,-4.7169,0.2514,0.197,63.7474,12.2702,9.2032,1.0125,0.0,11.7926,0.3306,0.0
X00002201,-43.528,-71.6003,Carrenleufu Carrenleufu,PMETobs,Multiple,PMETobs v11 (updated),2356.7972,0.2533,20252,20104,-43.751,-71.4347,550.1552,3.1968,1030.958,982.6511,283.2834,7.746,168.844,1064.8045,9.3336,745.4875,0.7001,107.7966,0.1012,1.7155,20.4463,0.1906,0.2615,0.2439,30.2237,21.0973,29.0016,1.4409,0.031,11.058,6.3623,0.0
X00002288,-43.5439,-71.4861,Carrenleufu Puente De Hierro,PMETobs,Multiple,PMETobs v11 (updated),2243.0716,0.2662,12299,12299,-43.7614,-71.4293,537.8984,3.2039,1045.2759,989.4951,270.9019,7.6407,168.6078,1048.1659,9.3304,747.3308,0.713,104.6559,0.0998,1.707,20.3906,0.1708,0.2615,0.2439,29.4673,20.2518,30.0102,1.3513,0.0326,11.3865,6.6817,0.0
X00002282,-43.6691,-71.4176,Rio Poncho Moro Rp 044,PMETobs,Multiple,PMETobs v11 (updated),1551.2832,0.3603,10263,10230,-43.8684,-71.4591,396.0733,2.8368,1062.7498,1000.0328,237.3465,7.1853,161.3226,1103.0691,9.3048,730.7494,0.6625,107.4585,0.0974,1.7498,20.8887,-0.1544,0.252,0.2354,22.8167,18.0866,34.2392,0.7956,0.0,13.5936,9.6055,0.0
X11020004,-43.721,-71.7132,Rio Tigre En La Frontera,PMETobs,Multiple,PMETobs v11 (updated),324.737,0.1317,8022,7913,-43.8019,-71.6284,118.9434,1.862,1239.7059,1247.178,264.0219,15.8344,167.6807,1437.2458,9.301,662.4347,0.4609,167.5541,0.1166,1.9621,22.6167,-6.8942,0.0086,0.0053,57.0241,1.8246,16.2839,0.8121,0.0,20.9894,2.3718,0.0
X00002293,-43.7219,-71.2339,Rio Carrenleufu Poncho Moro,PMETobs,Multiple,PMETobs v11 (updated),1201.2873,0.4453,11965,11932,-43.9104,-71.5001,382.5131,3.1133,1102.1536,1035.2726,216.3026,7.42,160.5656,1174.0332,9.2841,715.3962,0.6093,114.5994,0.0976,1.8006,21.4696,-1.121,0.2457,0.2336,23.3715,13.6986,33.9806,0.4834,0.0,15.1665,12.3337,0.0
X00002203,-43.8962,-71.421,Carrenleufu Lago Vinter,PMETobs,Multiple,PMETobs v11 (updated),525.8494,1.0165,14975,14904,-43.9323,-71.6927,195.0047,2.3989,1163.228,1074.2615,252.2863,11.8675,143.9017,1551.3553,9.2332,655.228,0.4224,166.2527,0.1072,2.0505,24.0208,-2.4949,0.2456,0.2334,40.1205,2.1838,10.0488,0.1891,0.0,18.6907,27.2698,0.0
X11040001,-44.0178,-72.4806,Rio Palena Bajo Junta Rosselot,PMETobs,Multiple,PMETobs v11 (updated),12340.5444,2.6594,8542,8542,-43.9324,-71.8263,1103.8796,2.8032,925.107,922.5,388.9949,14.3424,179.5856,1904.8156,9.1679,690.9115,0.3627,147.4187,0.0774,2.1641,28.5378,-17.1641,21.284,22.8495,50.9886,10.3173,18.3064,0.5692,0.0168,13.7892,2.3256,0.0
X11130001,-44.4604,-72.5597,Rio Ventisquero En Carretera Austral,PMETobs,Multiple,PMETobs v11 (updated),174.0605,33.1023,7518,7518,-44.4603,-72.4465,81.0408,1.7328,1128.3388,1205.7075,461.7572,24.0528,187.2643,3363.6897,8.7659,595.8199,0.1771,295.6605,0.0879,3.1124,54.3371,-179.7878,5.6016,6.2655,36.742,0.01,8.0135,0.0,0.0,15.4436,1.8521,0.0
X11147002,-44.6431,-72.2809,Rio Grande En Carretera Austral,PMETobs,Multiple,PMETobs v11 (updated),127.9129,11.8112,10818,10806,-44.585,-72.2598,69.5264,1.7342,999.1331,1029.4087,396.7738,25.3737,188.6449,2718.9676,8.8627,585.6983,0.2154,307.2293,0.113,2.8561,41.6804,-23.831,0.6154,0.6089,49.6804,0.0068,13.3731,0.0,0.0,20.9584,0.5912,0.0
X11143001,-44.6501,-71.8104,Rio Cisnes Antes Junta Rio Moro,PMETobs,Multiple,PMETobs v11 (updated),2207.3823,0.1323,12469,12469,-44.5685,-71.5212,358.5283,2.1527,1047.184,997.8588,284.3072,7.7607,195.0166,1076.7252,9.0662,682.5425,0.6339,127.9827,0.1189,1.788,22.7548,0.3987,0.0862,0.0774,29.6101,15.4016,39.0953,0.0,0.0016,15.1507,0.311,0.0
X11143002,-44.6671,-71.8132,Rio Moro Antes Junta Rio Cisnes,PMETobs,Multiple,PMETobs v11 (updated),137.9328,0.1676,11670,11640,-44.7341,-71.7226,89.8774,2.1588,1182.7345,1188.6494,230.761,6.9903,185.6576,1311.1479,8.9726,637.9203,0.4865,156.8681,0.1196,1.9714,24.7078,10.2985,0.0066,0.0038,51.3966,1.5979,25.8016,0.0,0.0,20.918,0.0377,0.0
X11147001,-44.7657,-72.6274,Rio Cisnes En Puerto Cisnes,PMETobs,Multiple,PMETobs v11 (updated),3834.2425,1.226,5393,5393,-44.6246,-71.7907,608.6506,2.7728,979.8028,969.2862,341.6947,12.6435,188.4244,1613.8931,8.9923,648.4562,0.4018,178.8422,0.1108,2.1366,28.9969,-3.2072,1.8383,1.8773,45.9006,9.3998,27.4602,0.0385,0.0019,14.9217,0.4047,0.0
X00002215,-44.9583,-71.3419,Senguerr Nacimiento,PMETobs,Multiple,PMETobs v11 (updated),1025.0311,0.1903,22379,22347,-44.873,-71.6943,295.6352,2.6048,1159.2655,1106.4618,217.9169,7.9121,156.8089,1165.9358,8.9675,658.6939,0.5649,119.4706,0.1025,1.8588,23.8718,2.3941,0.0498,0.068,42.3486,4.4585,20.7437,0.3129,0.0008,16.1995,14.9717,0.0
X11307001,-45.2619,-72.2682,Rio Emperador Guillermo Antes Maniguales,PMETobs,Multiple,PMETobs v11 (updated),565.9563,0.2929,13819,13804,-45.3485,-72.0568,192.6767,2.2847,937.051,928.6664,344.576,14.0851,183.9614,1514.1291,8.7279,660.7621,0.4364,115.4677,0.0763,2.1093,27.4461,0.9289,0.0389,0.0453,54.0004,7.9272,13.0126,10.8264,0.0,13.4873,0.1985,0.0
X11308001,-45.3895,-72.464,Rio Magniguales Antes Junta Rio Simpson,PMETobs,Multiple,PMETobs v11 (updated),4353.7325,0.2313,11808,11808,-45.1847,-71.9744,529.0754,2.2619,915.0941,901.3209,337.8796,13.3065,178.6169,1536.3808,8.817,662.6944,0.4313,120.3491,0.0783,2.1116,28.1408,-2.4316,0.2811,0.2392,53.8645,6.3091,23.0025,4.8795,0.0087,10.9492,0.4082,0.0
X11342001,-45.4056,-72.6257,Rio Aysen En Puerto Aysen,PMETobs,Multiple,PMETobs v11 (updated),11433.8914,1.2926,9886,9886,-45.53,-72.0904,926.771,2.445,857.0738,831.934,373.7948,13.3826,177.8071,1684.0428,8.8004,649.7568,0.3858,170.0334,0.101,2.2043,30.7615,-7.5283,7.2299,6.7361,48.3252,7.035,21.6163,6.4367,0.0721,12.9489,1.3112,0.0
X11337001,-45.4307,-72.5876,Rio Blanco Antes Junta Rio Aysen,PMETobs,Multiple,PMETobs v11 (updated),2899.6036,4.5247,8409,8409,-45.7714,-72.5117,456.8372,2.3932,847.7388,859.5315,435.4523,18.926,176.9337,2592.4767,8.6812,574.4352,0.2216,357.3451,0.1378,2.7978,43.7161,-22.4217,6.7574,6.3353,60.289,0.7613,8.7202,0.8744,0.0003,18.4548,3.7035,0.0
X11335002,-45.7973,-72.6076,Rio Blanco En Desague Lago Caro,PMETobs,Multiple,PMETobs v11 (updated),1379.6064,4.4185,11064,11064,-45.8635,-72.3302,334.0642,2.5372,979.251,1011.8422,431.5611,20.5247,177.9089,1938.1748,8.7335,591.658,0.3053,297.2015,0.1533,2.3641,31.1858,-16.4404,2.3201,2.6048,49.2326,1.5632,9.8337,1.8134,0.0006,25.0851,4.978,0.0
X11505001,-46.2683,-71.9799,Rio Ibaez En Desembocadura,PMETobs,Multiple,PMETobs v11 (updated),2404.6947,6.9866,14143,13900,-46.1493,-72.4235,398.467,2.2922,1056.7328,1054.8668,441.1366,16.7541,172.6194,1895.4083,8.7509,584.672,0.3085,273.1421,0.1441,2.2826,31.4579,-26.6506,9.6988,9.1139,32.6985,5.55,14.8879,0.0,0.0021,33.421,2.5875,0.0
X11514001,-46.4422,-72.7147,Rio Murta En Desembocadura,PMETobs,Multiple,PMETobs v11 (updated),901.7726,10.4677,12353,12353,-46.2438,-72.8632,209.0551,1.9638,917.3508,931.2186,404.3416,17.091,168.0057,2796.1551,8.6142,554.8832,0.1984,320.1576,0.1145,2.7522,43.6901,-75.3965,2.5971,8.2631,51.2522,0.6371,9.4817,0.0,0.0,22.4787,0.9397,0.0
X11530000,-47.0618,-72.803,Rio Baker En Desague Lago Bertrand,PMETobs,Multiple,PMETobs v11 (updated),15162.3376,5.9736,22182,22182,-46.5494,-72.2161,1046.2068,2.3968,907.1025,876.9159,538.7797,12.3374,155.9046,1568.9542,8.7764,586.5144,0.3738,236.0491,0.1504,2.1206,30.4141,-31.9688,75.8419,74.0047,17.6492,6.1699,15.8385,0.0,0.0206,38.7888,13.3633,0.0
X11536004,-47.1414,-72.7258,Rio Baker En Angostura Chacabuco,PMETobs,Multiple,PMETobs v11 (updated),16031.7078,6.7932,16476,16476,-46.5798,-72.2603,1086.6912,2.4211,911.0834,882.8711,536.1277,12.5281,156.6694,1626.1984,8.763,586.4712,0.3606,239.1425,0.1471,2.1554,30.9951,-39.0061,130.5068,122.976,17.7329,6.2236,16.3955,0.0,0.0195,37.8972,12.7168,0.0
X11542001,-47.3323,-72.8526,Rio Baker En Colonia,PMETobs,Multiple,PMETobs v11 (updated),25412.4455,6.7407,7832,7832,-46.8553,-72.2372,1455.7333,2.576,902.2961,842.0416,543.1487,12.2146,163.3473,1548.874,8.7015,589.5651,0.3806,277.3019,0.179,2.1614,30.7974,-41.8785,294.5341,250.9154,15.1427,6.832,18.3237,0.0,0.0172,40.9344,10.132,0.0
X11545000,-47.499,-72.9767,Rio Baker Bajo Nadis,PMETobs,Multiple,PMETobs v11 (updated),26613.7911,7.0322,16955,16955,-46.8901,-72.2617,1469.0732,2.5403,902.5936,848.2373,540.7186,12.478,163.934,1600.8115,8.6886,584.8876,0.3654,301.8084,0.1885,2.215,32.0152,-43.3504,305.9737,261.9051,16.0411,6.6026,18.4549,0.0,0.0164,40.1167,9.7361,0.0
X11711000,-48.1592,-73.0889,Rio Pascua Ante Junta Rio Quetru,PMETobs,Multiple,PMETobs v11 (updated),14231.7296,17.3296,7158,7106,-48.593,-72.5697,1239.8785,2.9319,981.7653,975.4669,487.1469,12.4283,162.717,1869.926,8.4496,481.2148,0.2573,647.3743,0.3462,2.6093,42.7345,-115.5413,798.246,666.224,10.8846,2.9849,23.1446,0.0,0.0028,32.9181,9.7883,0.0
X00002821,-48.2064,-72.2844,Rio Carreras Frontera,PMETobs,Multiple,PMETobs v11 (updated),1374.5458,9.9928,10901,10591,-47.8235,-72.2764,355.7481,2.7068,1274.1319,1208.4036,399.2355,14.8563,169.0055,1434.0457,8.4619,496.9742,0.3466,519.2322,0.3621,2.3213,29.3922,-91.4345,12.7087,13.4458,8.9779,1.8288,17.5033,0.0,0.0078,49.5638,9.1583,0.0
X11710000,-48.3642,-72.9591,Rio Pascua En Desague Lago O'Higgins,PMETobs,Multiple,PMETobs v11 (updated),13875.1737,17.034,5694,5694,-48.5998,-72.5565,1194.8017,2.8614,987.7061,984.566,487.1967,12.3346,162.3212,1823.9025,8.4503,483.2671,0.265,636.4095,0.3489,2.5796,41.8759,-108.8701,777.1233,644.6133,10.6151,3.0477,23.0852,0.0,0.0029,33.3616,9.9603,0.0
X11701001,-48.4174,-72.5491,Rio Mayer En Desembocadura,PMETobs,Multiple,PMETobs v11 (updated),3835.9553,8.1821,10938,10833,-48.2034,-72.2268,666.2226,3.0344,1100.9267,1047.9354,408.7737,12.0147,177.8876,1239.7113,8.4505,492.8198,0.3975,441.2803,0.356,2.1889,28.6032,-56.019,26.9882,27.8443,14.7545,4.3337,24.4021,0.0,0.003,40.8472,4.7415,0.0
X00002820,-49.3284,-72.8827,De Las Vueltas ,PMETobs,Multiple,PMETobs v11 (updated),892.764,16.0184,11325,11325,-49.168,-72.8904,264.8749,2.5007,1187.6821,1226.1631,434.9752,18.5943,173.0132,1929.7363,8.4466,453.2608,0.2349,480.7548,0.2491,2.7086,36.5254,-71.658,15.2923,12.383,16.8927,1.209,14.2201,0.0,0.019,44.4231,2.0463,0.0
X00002801,-49.7969,-72.0639,La Leona,PMETobs,Multiple,PMETobs v11 (updated),7216.4471,17.9563,20420,20420,-49.5463,-72.7435,704.4342,2.3392,868.5117,812.7941,530.1819,9.6445,140.298,1633.8399,8.4755,464.713,0.2844,431.4888,0.2641,2.4974,37.5989,-281.8534,679.2142,578.4872,3.3461,1.0714,21.005,0.0,0.0081,37.638,17.3884,0.0
X00002802,-50.2509,-71.9076,Santa Cruz Charles Fuhr,PMETobs,Multiple,PMETobs v11 (updated),16943.5382,17.6314,23876,23876,-49.9238,-72.7543,1046.3132,2.2675,795.7823,719.9656,534.8744,9.7084,147.7824,1844.5535,8.4625,472.0073,0.2559,559.2152,0.3032,2.735,47.2598,-276.4498,1366.9429,1214.1706,3.86,1.1936,22.9841,0.0,0.0316,35.8547,16.5626,0.0
X12280002,-50.9636,-72.7925,Rio Paine En Parque Nacional 2,PMETobs,Multiple,PMETobs v11 (updated),615.7608,22.7132,14260,14260,-50.8328,-73.0586,211.9997,2.41,848.7593,793.2657,531.1206,16.8453,168.5728,2713.4773,8.4639,459.5249,0.1693,497.8122,0.1835,3.7705,62.405,-137.9596,34.7426,28.6408,17.7895,1.7899,20.5642,0.0,0.0,27.0563,4.0399,0.0
X12284003,-51.0373,-72.5126,Rio Vizcachas En Cerro Guido,PMETobs,Multiple,PMETobs v11 (updated),891.0826,0.1388,15198,15198,-50.8024,-72.6979,222.0929,2.0988,742.0542,771.1615,361.5291,10.0779,173.418,1493.2306,8.5048,544.9433,0.3649,215.0371,0.144,2.4742,33.3893,-1.3953,0.1261,0.0476,7.0656,0.6344,55.724,0.0,0.0,34.8617,0.7733,0.0
X12289002,-51.1893,-72.9606,Rio Serrano En Desague Lago Del Toro,PMETobs,Multiple,PMETobs v11 (updated),6643.3138,2.5196,13200,13167,-51.0152,-72.5427,749.3374,2.5935,557.7084,419.9203,439.3252,8.5889,172.9557,1466.5937,8.5418,537.655,0.3666,181.6365,0.1238,2.5349,37.325,-14.4466,36.4336,30.2336,10.0832,0.8514,53.8013,0.0,0.0028,25.4965,5.9745,0.0
X12287001,-51.1934,-72.9993,Rio Grey Antes Junta Serrano,PMETobs,Multiple,PMETobs v11 (updated),835.8899,45.7669,15300,15300,-50.9817,-73.266,241.505,2.3564,832.4024,784.1625,573.4121,12.6168,146.8544,3672.3491,8.4661,401.7153,0.1094,886.2234,0.2413,4.6795,112.8664,-398.7829,136.8938,129.1376,16.0836,0.4121,12.7601,0.0,0.0,15.6131,6.1624,0.0
X12289001,-51.3462,-73.1049,Rio Serrano En Desembocadura,PMETobs,Multiple,PMETobs v11 (updated),8549.6178,11.3987,10352,10352,-51.0397,-72.7058,831.9889,2.5383,592.3585,453.7928,467.8686,9.2334,168.875,1964.0384,8.5289,511.2236,0.2603,293.9217,0.1497,3.0717,58.6552,-124.4905,344.043,316.2235,12.707,0.7342,44.869,0.0,0.0022,22.6662,5.9803,0.0
X12448001,-52.9964,-71.8706,Rio Grande En Isla Riesco,PMETobs,Multiple,PMETobs v11 (updated),620.9954,0.5274,12526,12526,-52.8696,-72.0433,240.1341,2.7183,360.0306,314.3113,187.9388,6.2713,177.3724,1572.4895,8.5299,412.1049,0.2621,34.3534,0.0218,3.1991,54.9442,-0.1558,0.2013,0.1956,51.9924,0.0012,35.7614,0.0,0.0,7.624,4.0592,0.0
X12825002,-54.5008,-68.8321,Rio Azopardo En Desembocadura,PMETobs,Multiple,PMETobs v11 (updated),3459.0001,0.8967,6738,6738,-54.5476,-67.9566,599.6642,2.8763,320.5924,254.2921,278.2939,9.2338,149.1251,873.0645,8.8623,472.4486,0.5411,134.6116,0.1542,2.3785,50.8485,1.8075,1.0042,2.0077,36.3187,0.0629,25.1864,0.0,0.027,17.0665,19.7714,0.0
P00000026,-10.6333,-77.5333,Alpas Y Tomas Altas,SENAMHI,Peru,Andean-GC (self-produced),4177.5193,1.1772,2867,2867,-10.3775,-77.1361,454.651,1.9843,3661.9575,3994.5239,1083.3482,20.6754,189.576,1748.2111,11.1812,973.4812,0.5568,0.0707,0.0,3.8444,471.248,-5.2813,1.4423,1.8657,0.3208,4.5197,73.143,1.5741,0.0399,18.6675,0.1367,0.0
P00000027,-10.606,-77.3439,Cahua,SENAMHI,Peru,Andean-GC (self-produced),3387.9113,1.4515,9131,9131,-10.3486,-77.0802,410.9282,1.9916,3846.1303,4138.1943,939.3595,21.0058,185.9346,1848.4896,10.7725,957.4362,0.518,0.0871,0.0,4.0886,537.8479,-6.5111,1.4423,1.8657,0.3671,4.3778,75.302,1.6815,0.047,16.1123,0.1509,0.0
P00000003,-9.3255,-77.5593,Chancos,SENAMHI,Peru,Andean-GC (self-produced),218.364,17.1716,6739,6739,-9.3268,-77.438,94.9542,1.8127,4458.8733,4549.3833,646.6467,23.266,207.5352,1890.3513,9.996,911.8036,0.4823,0.0,0.0,5.5687,1247.5264,-53.497,1.1582,1.3431,3.1027,2.5252,52.8216,5.9888,0.095,14.425,0.5255,0.0
P00000046,-13.2236,-72.3406,Chilca,SENAMHI,Peru,Andean-GC (self-produced),9202.0092,1.6476,1742,1742,-13.8526,-71.4975,941.5731,2.7689,4211.1996,4222.2168,539.2234,13.058,179.2519,1531.9519,11.9417,949.2724,0.6196,19.3015,0.0126,3.4781,101.9856,-6.6377,7.6458,7.6057,1.5802,0.789,87.2036,3.6411,0.7209,2.3893,1.4854,0.0
P00000005,-8.9167,-77.8333,Colcas,SENAMHI,Peru,Andean-GC (self-produced),239.1952,13.6195,6796,6796,-8.9244,-77.7077,94.5229,1.7241,4308.9143,4553.1851,814.0636,23.8922,217.8672,2328.9566,10.1424,943.5869,0.4052,0.0,0.0,5.7018,1485.8455,-24.4783,0.8366,1.1354,0.7674,1.2489,60.1305,2.979,0.0061,18.1659,0.5577,0.0
P00000008,-8.65,-78.25,Condorcerro,SENAMHI,Peru,Andean-GC (self-produced),10617.5375,3.3095,17517,17517,-8.9149,-77.7713,1019.0818,2.7899,3650.7084,3841.3213,941.1095,17.5465,186.6382,2020.4335,10.2448,982.8583,0.4865,0.0515,0.0,5.082,1253.609,-11.3716,11.5556,13.8681,1.5589,6.9143,71.2183,4.0328,0.2207,11.7228,0.2837,0.0
P00000047,-13.1831,-72.5336,Egemsa Km 105,SENAMHI,Peru,Andean-GC (self-produced),9600.6916,1.7739,14308,14308,-13.8275,-71.5368,1010.0172,2.9079,4196.794,4212.7412,551.669,13.6195,179.3571,1538.8913,11.9035,949.1895,0.6168,18.5031,0.012,3.5528,109.711,-6.4849,8.0043,8.1432,2.0805,0.91,86.5573,3.5086,0.6914,2.4865,1.424,0.0
P00000031,-12.5219,-76.4964,La Capilla,SENAMHI,Peru,Andean-GC (self-produced),2153.176,0.6678,18826,18420,-12.2439,-76.2059,361.5793,2.1982,3539.1344,3910.0847,1145.3128,18.6181,198.923,1324.0109,13.7146,900.0941,0.6798,2.3198,0.0018,2.7461,330.7945,-3.112,0.3757,0.4576,0.0765,6.143,65.8636,1.3716,0.0123,25.3774,0.2389,0.0
P00000011,-9.0707,-77.64,Llanganuco,SENAMHI,Peru,Andean-GC (self-produced),81.8131,34.493,6398,6398,-9.0496,-77.6146,52.9269,1.6507,4843.0498,4817.7861,523.3969,25.5345,187.826,2229.7328,9.7732,938.1498,0.4207,0.0,0.0,5.1417,2164.8717,-61.4055,0.8246,1.1647,0.0,0.0,40.014,0.0,0.0299,19.6321,0.9117,0.0
P00000014,-8.6035,-77.88,Manta,SENAMHI,Peru,Andean-GC (self-produced),529.0183,0.1444,1645,1645,-8.5255,-77.8032,146.9114,1.8018,3918.1789,4061.4487,540.857,17.9225,192.1714,1994.921,10.4347,1019.4365,0.511,0.0,0.0,4.4027,722.3498,-1.5821,0.0014,0.016,2.0853,5.77,85.1902,2.8276,0.0023,3.2057,0.38,0.0
P00000040,-16.4269,-73.1146,Ocoña,SENAMHI,Peru,Andean-GC (self-produced),16016.9545,0.2198,5776,5701,-15.2379,-73.0853,1096.8076,2.4448,3761.2372,4192.7837,1171.4075,12.2943,186.923,1119.7225,14.3788,1018.0559,0.9092,17.1131,0.0153,2.0927,71.3027,-0.6516,0.0,1.8659,0.0734,5.3991,56.3004,1.2285,0.0177,36.131,0.5212,0.0
P00000015,-9.6667,-77.45,Olleros,SENAMHI,Peru,Andean-GC (self-produced),153.2713,8.474,1282,1282,-9.6225,-77.3428,83.6654,1.9064,4493.932,4516.6416,414.1668,18.3085,211.297,1840.91,10.3239,900.2933,0.489,0.2233,0.0001,4.8247,304.3611,-45.4662,0.3824,0.4711,0.7543,1.0848,67.273,1.0974,0.0159,19.0343,0.3022,0.0
P00000016,-9.853,-77.4023,Pachacoto,SENAMHI,Peru,Andean-GC (self-produced),209.3256,5.0659,6701,6701,-9.8783,-77.2653,102.64,2.0012,4605.9697,4651.418,358.6924,14.0973,205.9638,1884.3744,9.9744,881.9059,0.468,0.6765,0.0004,4.989,656.0831,-32.6801,0.282,0.3025,0.0931,0.4479,67.7092,0.0814,0.0,25.4806,0.0989,0.0
P00000050,-13.4226,-71.8538,Pisac,SENAMHI,Peru,Andean-GC (self-produced),7041.7095,1.7655,2378,2378,-14.0083,-71.3062,763.8883,2.5679,4314.9233,4327.771,509.1727,12.1627,180.5167,1522.936,12.0294,937.6189,0.6157,25.158,0.0165,3.2556,98.2474,-7.4425,6.9969,6.8887,0.8895,0.5905,88.4052,2.7421,0.7407,2.5297,1.8339,0.0
P00000055,-15.4721,-70.2244,Puente Isla Cabanillas,SENAMHI,Peru,Andean-GC (self-produced),2842.9998,0.8883,6572,6572,-15.6015,-70.6777,428.649,2.2678,4470.744,4450.8032,289.2917,7.8284,176.1273,1252.0831,12.907,1015.3379,0.8109,3.1198,0.0025,2.1108,54.5044,2.4291,0.0,0.8028,0.0382,0.0428,88.8178,1.5598,0.0634,4.7352,3.3753,0.0
P00000020,-9.5257,-77.517,Quillcay,SENAMHI,Peru,Andean-GC (self-produced),249.4559,13.5513,1675,1675,-9.4679,-77.3979,99.9657,1.7855,4492.3359,4591.1167,577.2667,21.5307,217.4473,1849.2248,10.1641,911.7948,0.4931,0.0577,0.0,5.418,989.9589,-64.913,1.2399,1.5018,1.9672,3.1923,56.7375,2.4764,0.2088,18.6581,0.6406,0.0
P00000021,-8.7884,-77.8454,Quitaracsa,SENAMHI,Peru,Andean-GC (self-produced),388.374,5.4428,6928,6928,-8.7613,-77.7072,126.4362,1.8098,4244.7704,4293.2446,543.6955,21.6017,180.3799,2228.046,10.2392,966.0921,0.4336,0.0,0.0,5.2071,1024.829,-14.497,0.5313,0.6595,0.7723,0.6146,82.9847,0.2175,0.0032,8.299,0.4098,0.0
P00000022,-10.0333,-77.3333,Recreta,SENAMHI,Peru,Andean-GC (self-produced),346.1517,1.7383,7481,7481,-10.0684,-77.2477,125.0327,1.8958,4318.8976,4240.853,294.7682,8.168,199.7181,1923.1809,10.2925,928.1027,0.4826,0.1761,0.0001,4.6908,1204.6828,-12.5388,0.1508,0.1769,0.0598,2.5503,81.4733,3.0898,0.0035,9.6055,0.6749,0.0
P00000041,-15.5033,-72.8318,Salamanca,SENAMHI,Peru,Andean-GC (self-produced),1108.4461,2.5296,15382,15352,-15.3961,-72.6833,208.9148,1.7701,4717.3294,4677.6919,353.7684,6.3066,192.1947,1241.0881,12.1762,919.7636,0.7411,11.4927,0.0093,2.4824,134.8972,-13.3463,0.0,1.6565,0.2867,8.0591,46.2215,0.3543,0.0,42.1472,0.1322,0.0
P00000051,-14.1699,-71.2319,Salcca,SENAMHI,Peru,Andean-GC (self-produced),2045.4456,4.3115,1548,1548,-14.0561,-71.0087,322.6899,2.0127,4764.5072,4804.7773,298.7696,9.258,185.1227,1533.4204,11.6569,854.4001,0.5572,65.3208,0.0426,3.2216,113.1751,-17.7,5.5602,5.2724,0.0759,0.095,87.2561,1.0394,0.0,4.478,1.9338,0.0
P00000023,-9.6078,-77.5096,San Pedro,SENAMHI,Peru,Andean-GC (self-produced),1820.4468,2.4882,472,472,-9.8369,-77.3476,295.6335,1.9546,4275.7171,4246.0444,400.8967,11.3126,196.8656,1897.5725,10.1797,886.5568,0.4672,0.2783,0.0001,5.199,835.9567,-16.1722,1.2626,1.4508,0.2663,1.0898,84.3152,1.4274,0.0703,9.2914,0.3118,0.0
P00000029,-10.6669,-77.5836,Yanapampa,SENAMHI,Peru,Andean-GC (self-produced),4262.5538,1.1537,1435,1435,-10.3822,-77.1443,474.9105,2.052,3609.362,3960.5691,1135.8178,20.5587,189.996,1720.0939,11.364,977.3777,0.5682,0.0693,0.0,3.7933,462.2066,-5.1761,1.4423,1.8657,0.3307,4.5662,72.2472,1.5636,0.0391,19.5461,0.1402,0.0
