gauge_id,gauge_name,horizon,fold,model,validation,n_train,n_test,test_start,test_end,RMSE,MAE,NSE,KGE,skill_vs_persistence
P00000055,Puente Isla Cabanillas,1,1,persistence,walk_forward_expanding,3270,1090,2012-09-05,2015-08-30,12.934933767114273,4.824422018348624,0.8522223740499236,0.9261020854030019,0.0
P00000055,Puente Isla Cabanillas,1,1,Ridge,walk_forward_expanding,3270,1090,2012-09-05,2015-08-30,15.410032580372791,8.219487559132212,0.7902570458274305,0.8698698142512414,-0.19134994100636216
P00000055,Puente Isla Cabanillas,1,2,persistence,walk_forward_expanding,4360,1090,2015-08-31,2021-06-06,12.17535789206177,4.290834862385322,0.8754462724194227,0.9377254189923727,0.0
P00000055,Puente Isla Cabanillas,1,2,Ridge,walk_forward_expanding,4360,1090,2015-08-31,2021-06-06,15.571289875320547,7.665180657744451,0.7962758865780639,0.8589552643956008,-0.2789184526126247
P00000055,Puente Isla Cabanillas,1,3,persistence,walk_forward_expanding,5450,1091,2021-06-07,2024-12-30,10.506592934895687,4.254344637946837,0.9043380197636758,0.9521700853384513,0.0
P00000055,Puente Isla Cabanillas,1,3,Ridge,walk_forward_expanding,5450,1091,2021-06-07,2024-12-30,13.11432344188856,7.458494593072253,0.8509584580298271,0.8997205531898081,-0.24819944230748514
P00000055,Puente Isla Cabanillas,7,1,persistence,walk_forward_expanding,3267,1089,2012-09-02,2015-08-26,24.526697232505366,10.916363636363634,0.46932954392830883,0.7344717601533508,0.0
P00000055,Puente Isla Cabanillas,7,1,Ridge,walk_forward_expanding,3267,1089,2012-09-02,2015-08-26,21.182444494748704,12.748855937205613,0.6041789158012232,0.7401774918414372,0.13635153180447412
P00000055,Puente Isla Cabanillas,7,2,persistence,walk_forward_expanding,4356,1089,2015-08-27,2021-06-01,27.85417771469822,11.908330010057282,0.3484887016445717,0.6743378009539915,0.0
P00000055,Puente Isla Cabanillas,7,2,Ridge,walk_forward_expanding,4356,1089,2015-08-27,2021-06-01,25.63618136010112,14.254673514300702,0.4481158291124585,0.5940209324691589,0.07962885773600481
P00000055,Puente Isla Cabanillas,7,3,persistence,walk_forward_expanding,5445,1090,2021-06-02,2024-12-24,24.633570371974436,11.392339449541282,0.4745258168890989,0.737334955313645,0.0
P00000055,Puente Isla Cabanillas,7,3,Ridge,walk_forward_expanding,5445,1090,2021-06-02,2024-12-24,22.547705606697583,13.251663269786345,0.5597479672108086,0.6847875602967491,0.08467569799179164
