gauge_id,gauge_name,horizon,n_test,n_train,n_val,validation,model,RMSE,MAE,NSE,KGE,skill_vs_persistence,fit_seconds
P00000031,La Capilla,1,2759,12872,2758,chronological,persistence,5.0701366873197715,1.7481159840521927,0.9419444945504711,0.9709648593654433,0.0,
P00000031,La Capilla,1,2759,12872,2758,chronological,climatology,12.95701946930759,6.87999877187295,0.6208471737037422,0.6894261405287042,-1.5555562440185544,
P00000031,La Capilla,1,2759,12872,2758,chronological,Ridge,7.013662211995011,3.1695611378467565,0.8889051910090766,0.9250999559847303,-0.3833280332532112,0.006
P00000031,La Capilla,1,2759,12872,2758,chronological,RandomForest,7.036595230539828,3.0022480588729246,0.8881774956936959,0.9324476076003584,-0.3878511891283125,1.146
P00000031,La Capilla,1,2759,12872,2758,chronological,GradientBoosting,6.889826468127207,2.9497019153502215,0.8927936173804647,0.9269966968744303,-0.35890349571016755,4.611
P00000031,La Capilla,1,2759,12872,2758,chronological,MLP,6.907676978877393,2.9948915651399304,0.892237386324428,0.9314769270086626,-0.3624242115904377,0.831
P00000031,La Capilla,1,2759,12872,2758,chronological,XGBoost,7.0807561120218185,2.9834506502667733,0.8867695204073275,0.9305279106275848,-0.3965611873404782,0.357
P00000031,La Capilla,7,2758,12868,2757,chronological,persistence,13.64907004419786,6.116345470514901,0.5793567368218708,0.7896256856666191,0.0,
P00000031,La Capilla,7,2758,12868,2757,chronological,climatology,13.188444105102224,7.026004197547622,0.6072692210011692,0.6829347199276766,0.033747789234288894,
P00000031,La Capilla,7,2758,12868,2757,chronological,Ridge,12.07775713004334,6.648860022272028,0.6706327624876058,0.7507990610713873,0.11512234233294716,0.003
P00000031,La Capilla,7,2758,12868,2757,chronological,RandomForest,11.459213935205598,5.9922269245376105,0.7035049359160579,0.8079308550466143,0.16043994952778162,1.507
P00000031,La Capilla,7,2758,12868,2757,chronological,GradientBoosting,11.606296617935845,5.86356673090629,0.6958448713964924,0.7849213969968075,0.14966392726003963,4.699
P00000031,La Capilla,7,2758,12868,2757,chronological,MLP,11.845909456676077,6.059077113229847,0.6831566251406421,0.8211855927853601,0.13210867712473173,1.777
P00000031,La Capilla,7,2758,12868,2757,chronological,XGBoost,11.453279900587813,5.846468382299215,0.7038119301719706,0.8134478521804873,0.16087470695803663,0.541
P00000008,Condorcerro,1,2624,12240,2622,chronological,persistence,34.27873730091471,15.039161585365854,0.9294344841462824,0.964718719918657,0.0,
P00000008,Condorcerro,1,2624,12240,2622,chronological,climatology,82.66977650301915,43.789185218436174,0.5895725340893682,0.6454010558939505,-1.4116925829940983,
P00000008,Condorcerro,1,2624,12240,2622,chronological,Ridge,47.51587855880903,21.706774751969384,0.864412261679532,0.8678171981446727,-0.38616186884868386,0.004
P00000008,Condorcerro,1,2624,12240,2622,chronological,RandomForest,49.510567925365244,21.747628117311915,0.8527895279724842,0.8356759878225798,-0.4443521501605625,1.306
P00000008,Condorcerro,1,2624,12240,2622,chronological,GradientBoosting,50.855683035549816,22.461394393721665,0.8446819703789594,0.8017219375829368,-0.4835926594703579,4.708
P00000008,Condorcerro,1,2624,12240,2622,chronological,MLP,46.572927211605375,21.659929347014202,0.869740334240806,0.878862576619095,-0.3586535234004258,1.154
P00000008,Condorcerro,1,2624,12240,2622,chronological,XGBoost,50.80248542422093,22.382970807668638,0.8450067414235313,0.8138306644991768,-0.48204074666616403,0.324
P00000008,Condorcerro,7,2622,12236,2622,chronological,persistence,87.04079101356427,42.49927154843631,0.5452578725429205,0.7727183021385591,0.0,
P00000008,Condorcerro,7,2622,12236,2622,chronological,climatology,82.5915508177693,43.81711772368684,0.5905595246631199,0.6463384175438943,0.051116725204181646,
P00000008,Condorcerro,7,2622,12236,2622,chronological,Ridge,78.51262199849077,40.03729672726354,0.6300027523769554,0.6621957045079984,0.09797899255929887,0.003
P00000008,Condorcerro,7,2622,12236,2622,chronological,RandomForest,83.47570065574601,40.24842937919363,0.5817464104082775,0.6636617398651068,0.04095884603418509,1.18
P00000008,Condorcerro,7,2622,12236,2622,chronological,GradientBoosting,80.33607780612978,39.39333713648265,0.6126168019185713,0.6584425368486901,0.07702955280346246,4.715
P00000008,Condorcerro,7,2622,12236,2622,chronological,MLP,78.86635016609463,40.15051802871273,0.6266612953527138,0.6597581082485389,0.09391505697823621,2.141
P00000008,Condorcerro,7,2622,12236,2622,chronological,XGBoost,79.6556205663284,38.605943221871314,0.619151384017254,0.6828058926130648,0.08484723497153179,0.428
P00000041,Salamanca,1,2299,10724,2298,chronological,persistence,0.674568073680692,0.24003479773814704,0.9347116101983604,0.9673559019305145,0.0,
P00000041,Salamanca,1,2299,10724,2298,chronological,climatology,2.457236472617462,2.037885578647388,0.13368008526034914,0.42205861207789674,-2.6426812481798527,
P00000041,Salamanca,1,2299,10724,2298,chronological,Ridge,0.958752648121937,0.44431209116105214,0.8681143496800675,0.8955671140465551,-0.4212837599778909,0.003
P00000041,Salamanca,1,2299,10724,2298,chronological,RandomForest,1.0292812159090607,0.50527028710229,0.8479968855887035,0.9032235794618587,-0.5258374300060231,1.062
P00000041,Salamanca,1,2299,10724,2298,chronological,GradientBoosting,1.0074978924790008,0.4909714121567654,0.8543626778746756,0.9047709170127258,-0.49354517622175753,4.251
P00000041,Salamanca,1,2299,10724,2298,chronological,MLP,1.0370314958674074,0.5269920342566522,0.8456991617495035,0.9105914975158996,-0.5373266781052672,0.817
P00000041,Salamanca,1,2299,10724,2298,chronological,XGBoost,1.0566084373567302,0.5101125931619807,0.8398184319118988,0.8889640762066026,-0.56634812494384,0.356
P00000041,Salamanca,7,2298,10720,2297,chronological,persistence,1.8408049442486265,0.8087474553441917,0.5140157340055655,0.7570832308780929,0.0,
P00000041,Salamanca,7,2298,10720,2297,chronological,climatology,2.455622947079374,2.039900436454588,0.13517142490873668,0.4228888226838454,-0.3339941066280121,
P00000041,Salamanca,7,2298,10720,2297,chronological,Ridge,1.7399631075318145,0.9579698664533076,0.565803073697809,0.6843396535949706,0.054781380847482075,0.003
P00000041,Salamanca,7,2298,10720,2297,chronological,RandomForest,2.0767106362271575,1.2304745246463333,0.3814730329180701,0.7108978596371078,-0.12815355190977185,1.145
P00000041,Salamanca,7,2298,10720,2297,chronological,GradientBoosting,1.884323003610619,1.0474100071404542,0.4907660326291349,0.7253662363914999,-0.023640777094802834,4.256
P00000041,Salamanca,7,2298,10720,2297,chronological,MLP,1.860667202360169,1.0438667697054118,0.50347162780123,0.7422127533957525,-0.010789985203809804,1.794
P00000041,Salamanca,7,2298,10720,2297,chronological,XGBoost,1.978369707412797,1.08212856753368,0.4386657110950237,0.7205623595784554,-0.07473076579567817,0.327
P00000047,Egemsa Km 105,1,2143,9993,2141,chronological,persistence,24.37990712250862,11.266845543630424,0.9530619561436715,0.9762982086659017,0.0,
P00000047,Egemsa Km 105,1,2143,9993,2141,chronological,climatology,67.1853790254115,36.787564560563474,0.6435403010649106,0.7691341023249244,-1.7557684566969889,
P00000047,Egemsa Km 105,1,2143,9993,2141,chronological,Ridge,35.177991822641275,19.463160102654825,0.9022756073426633,0.9354048449807867,-0.44290918114956157,0.002
P00000047,Egemsa Km 105,1,2143,9993,2141,chronological,RandomForest,34.9449628722345,17.51444183029624,0.9035660270264515,0.9422196299952004,-0.4333509433254463,0.911
P00000047,Egemsa Km 105,1,2143,9993,2141,chronological,GradientBoosting,35.6517076170334,17.928843436053235,0.8996259228946455,0.9356383324596476,-0.4623397635554629,3.824
P00000047,Egemsa Km 105,1,2143,9993,2141,chronological,MLP,34.569747316088495,18.492937242021263,0.9056257956815267,0.9338552393350621,-0.4179605829659687,1.098
P00000047,Egemsa Km 105,1,2143,9993,2141,chronological,XGBoost,36.30800838483184,18.366055067709436,0.8958964002722662,0.9348379163221504,-0.48925950383587224,0.319
P00000047,Egemsa Km 105,7,2142,9989,2140,chronological,persistence,61.92533072059857,30.95403127917834,0.696311975608014,0.8491056234107441,0.0,
P00000047,Egemsa Km 105,7,2142,9989,2140,chronological,climatology,67.24122421389359,36.89381951226013,0.6419347125775318,0.7676955308861189,-0.08584360279446623,
P00000047,Egemsa Km 105,7,2142,9989,2140,chronological,Ridge,57.213538062464806,34.54813920495627,0.7407680018648722,0.8156029974395989,0.07608829219488455,0.003
P00000047,Egemsa Km 105,7,2142,9989,2140,chronological,RandomForest,58.66602446648521,31.90319932920497,0.727438622766336,0.8251319874189729,0.052632843719786604,0.992
P00000047,Egemsa Km 105,7,2142,9989,2140,chronological,GradientBoosting,56.9044775110502,30.666192015174744,0.7435611166459501,0.8165262377129485,0.08107915050469416,3.901
P00000047,Egemsa Km 105,7,2142,9989,2140,chronological,MLP,54.35646703694354,29.80968801910209,0.7660120783181508,0.8310645256049558,0.1222256481407431,1.985
P00000047,Egemsa Km 105,7,2142,9989,2140,chronological,XGBoost,59.17559421653982,32.01221609261991,0.7226831539832372,0.8151963698135537,0.04440406651141371,0.386
P00000027,Cahua,1,1365,6370,1365,chronological,persistence,7.529077224566093,3.5326007326007325,0.9225279266294948,0.9612784942788589,0.0,
P00000027,Cahua,1,1365,6370,1365,chronological,climatology,14.478367365876744,9.476956899204126,0.7135156781742188,0.7895369965289092,-0.9229936065254192,
P00000027,Cahua,1,1365,6370,1365,chronological,Ridge,9.429189460958044,5.3490060635880505,0.878490453500017,0.9208590909017127,-0.25236986946982154,0.002
P00000027,Cahua,1,1365,6370,1365,chronological,RandomForest,9.57538549041817,5.149082073869191,0.8746933239524383,0.9280830135950472,-0.2717873923746357,0.588
P00000027,Cahua,1,1365,6370,1365,chronological,GradientBoosting,9.416105812711786,5.37995585409221,0.8788274252410962,0.9111992947510313,-0.25063212022698367,2.109
P00000027,Cahua,1,1365,6370,1365,chronological,MLP,10.105576968275559,6.082890206286839,0.8604326269858376,0.9155176672766498,-0.3422065768302638,0.392
P00000027,Cahua,1,1365,6370,1365,chronological,XGBoost,9.450490057963481,5.323604512582856,0.8779408517973183,0.9298750697677137,-0.25519898071016556,0.358
P00000027,Cahua,7,1365,6365,1364,chronological,persistence,15.735321431608696,8.795868864468865,0.6616135896033535,0.8323783467028875,0.0,
P00000027,Cahua,7,1365,6365,1364,chronological,climatology,14.48717618034096,9.47783073913326,0.7131669710493569,0.7893559189265915,0.07932124276536834,
P00000027,Cahua,7,1365,6365,1364,chronological,Ridge,13.89507273674417,8.924170910278013,0.7361340660712123,0.8306905565630256,0.11695018133966317,0.002
P00000027,Cahua,7,1365,6365,1364,chronological,RandomForest,13.705123819329664,8.391650133012812,0.7432989749804029,0.8406065124263487,0.12902168037068662,0.518
P00000027,Cahua,7,1365,6365,1364,chronological,GradientBoosting,13.628313238495819,8.397841441454558,0.7461682816688794,0.8329181912767785,0.13390309198770955,2.104
P00000027,Cahua,7,1365,6365,1364,chronological,MLP,13.596516846565763,8.411298346416322,0.747351336014782,0.8222770974418167,0.13592379376162977,0.626
P00000027,Cahua,7,1365,6365,1364,chronological,XGBoost,14.106828949727625,8.431920695517963,0.7280303285893317,0.8439627261300986,0.10349280050992793,0.322
P00000022,Recreta,1,1118,5215,1117,chronological,persistence,1.331037532282043,0.568345259391771,0.9419954366081964,0.9709971890693325,0.0,
P00000022,Recreta,1,1118,5215,1117,chronological,climatology,3.672100772590368,1.7637429272836118,0.5585202982805454,0.4968053071078007,-1.758825865935282,
P00000022,Recreta,1,1118,5215,1117,chronological,Ridge,2.034266327172194,1.0164225292610984,0.8645131395358687,0.8730087959250697,-0.528331303839702,0.002
P00000022,Recreta,1,1118,5215,1117,chronological,RandomForest,2.0664358883490452,0.8790811518251649,0.860194122389253,0.8998559374690176,-0.5525000897654428,0.527
P00000022,Recreta,1,1118,5215,1117,chronological,GradientBoosting,2.1097319245472677,0.9383268733964637,0.8542743141556735,0.8831367762567296,-0.5850281253378073,2.054
P00000022,Recreta,1,1118,5215,1117,chronological,MLP,1.9519475279636465,0.9817583301701654,0.8752565255309127,0.9113933434994099,-0.4664857155583457,0.262
P00000022,Recreta,1,1118,5215,1117,chronological,XGBoost,2.2219976517508284,0.942438424523913,0.8383525902429604,0.8837581893914864,-0.6693726494257817,0.412
P00000022,Recreta,7,1118,5210,1116,chronological,persistence,3.670492136262024,1.7692307692307692,0.558907011378103,0.7794193305980988,0.0,
P00000022,Recreta,7,1118,5210,1116,chronological,climatology,3.6742856003250486,1.7728622779182677,0.5579947985175391,0.49638078542389197,-0.0010335028443591021,
P00000022,Recreta,7,1118,5210,1116,chronological,Ridge,3.3350547853797687,1.7643533833357818,0.6358439717842639,0.6487052717940034,0.09138756832315675,0.002
P00000022,Recreta,7,1118,5210,1116,chronological,RandomForest,3.539948799272145,1.665872008410207,0.5897245601754588,0.603378472990913,0.03556562230448557,0.586
P00000022,Recreta,7,1118,5210,1116,chronological,GradientBoosting,3.371451020738615,1.6822760573880138,0.627852360926574,0.656839787902429,0.08147166767341141,1.908
P00000022,Recreta,7,1118,5210,1116,chronological,MLP,3.235864364176824,1.5697674930395626,0.6571831365423284,0.658371927379621,0.1184113072444336,0.307
P00000022,Recreta,7,1118,5210,1116,chronological,XGBoost,3.5255240517126576,1.7017855931330663,0.5930613665927258,0.6706147520737615,0.03949554423974333,0.399
P00000021,Quitaracsa,1,1036,4827,1034,chronological,persistence,3.4516396558355384,1.7107625482625481,0.8387301495698505,0.9193470494538287,0.0,
P00000021,Quitaracsa,1,1036,4827,1034,chronological,climatology,6.603554906532023,3.981726642706198,0.40972027034826897,0.5176249823750793,-0.9131646304293894,
P00000021,Quitaracsa,1,1036,4827,1034,chronological,Ridge,4.662939384853659,2.4974830694455545,0.7056786118434597,0.7797622903701386,-0.3509345846604317,0.003
P00000021,Quitaracsa,1,1036,4827,1034,chronological,RandomForest,4.757633755004841,2.5006893898385862,0.6936031494786405,0.7804699754269985,-0.378369189541937,0.536
P00000021,Quitaracsa,1,1036,4827,1034,chronological,GradientBoosting,5.809794119889533,2.8328757594397356,0.5430972535252268,0.7571914846803346,-0.6831983344690007,1.877
P00000021,Quitaracsa,1,1036,4827,1034,chronological,MLP,4.654136815640185,2.5195045057786207,0.7067887866798588,0.7839019537649392,-0.34838432736500646,0.515
P00000021,Quitaracsa,1,1036,4827,1034,chronological,XGBoost,5.246777332973848,2.6283010816306045,0.6273616479686652,0.6900258152505221,-0.5200825857077369,0.365
P00000021,Quitaracsa,7,1035,4823,1033,chronological,persistence,7.741395390349374,4.4654973930043775,0.18951894690618565,0.5941219929983137,0.0,
P00000021,Quitaracsa,7,1035,4823,1033,chronological,climatology,6.646563783107212,4.032650486879168,0.40255391289181275,0.5110974532557309,0.14142561541385767,
P00000021,Quitaracsa,7,1035,4823,1033,chronological,Ridge,6.587800296186577,3.8528235825612223,0.4130714730240912,0.5415472197945608,0.1490164286920287,0.002
P00000021,Quitaracsa,7,1035,4823,1033,chronological,RandomForest,6.827805641255731,3.935565905979747,0.3695267457891265,0.507182402047265,0.1180135754637398,0.603
P00000021,Quitaracsa,7,1035,4823,1033,chronological,GradientBoosting,6.52000921207624,3.834340714041388,0.4250887775897504,0.49481240279733496,0.15777338795997242,1.927
P00000021,Quitaracsa,7,1035,4823,1033,chronological,MLP,7.131890112469587,4.3036315309725,0.31211846210222005,0.5252939004284454,0.07873325765528172,1.144
P00000021,Quitaracsa,7,1035,4823,1033,chronological,XGBoost,6.619897032419833,3.8830308513225797,0.4073383356421195,0.5078024467674183,0.1448703110201076,0.364
P00000005,Colcas,1,1016,4735,1014,chronological,persistence,1.070187957220379,0.5393799212598425,0.9179947699444302,0.9590106831402746,0.0,
P00000005,Colcas,1,1016,4735,1014,chronological,climatology,2.47766128518198,1.6038886297045625,0.5604530187099483,0.6001074534743924,-1.3151646105393118,
P00000005,Colcas,1,1016,4735,1014,chronological,Ridge,1.4337349610069905,0.7713425885084216,0.8528164807125871,0.9078969136208319,-0.3397038822328553,0.002
P00000005,Colcas,1,1016,4735,1014,chronological,RandomForest,1.4025697954737677,0.7520279092574783,0.8591456070295769,0.9129292331890938,-0.3105826747636844,0.511
P00000005,Colcas,1,1016,4735,1014,chronological,GradientBoosting,1.4125302696523083,0.7784345637838754,0.857137923376286,0.9190496154276254,-0.3198898942211068,1.769
P00000005,Colcas,1,1016,4735,1014,chronological,MLP,1.5381547324877618,0.8830709522675815,0.830596848991794,0.9006712322017534,-0.43727531421942234,0.557
P00000005,Colcas,1,1016,4735,1014,chronological,XGBoost,1.3818623514264319,0.7771969136009066,0.8632740336320249,0.9194231672238373,-0.2912333222432919,0.331
P00000005,Colcas,7,1015,4731,1013,chronological,persistence,2.2769280142916264,1.2723743842364532,0.6286588424533424,0.8147095573137044,0.0,
P00000005,Colcas,7,1015,4731,1013,chronological,climatology,2.4759217142799868,1.5951350737238235,0.5609153010428799,0.5987296600903682,-0.08739569223942678,
P00000005,Colcas,7,1015,4731,1013,chronological,Ridge,2.2760132175157883,1.327683648182586,0.6289571684881541,0.7481434435707854,0.00040176798304392136,0.002
P00000005,Colcas,7,1015,4731,1013,chronological,RandomForest,2.270882503665672,1.3889183694163048,0.6306281331829584,0.778389095504645,0.002655117152588149,0.439
P00000005,Colcas,7,1015,4731,1013,chronological,GradientBoosting,2.275611171191707,1.3821514300082867,0.6290882426222637,0.784398884768048,0.00057834199924367,1.772
P00000005,Colcas,7,1015,4731,1013,chronological,MLP,2.621546813555534,1.5438655844096387,0.5077454708394263,0.7156763739563142,-0.15135252282937084,0.791
P00000005,Colcas,7,1015,4731,1013,chronological,XGBoost,2.4140569987870215,1.4507367532664333,0.5825835828141196,0.7712182621033116,-0.060225436919689956,0.322
P00000003,Chancos,1,1007,4695,1006,chronological,persistence,1.37396519357868,0.6993843098311817,0.8926784073798766,0.9463275787196063,0.0,
P00000003,Chancos,1,1007,4695,1006,chronological,climatology,2.7486467593103066,1.7246749530885885,0.5704897745859725,0.5184701847308588,-1.000521390320726,
P00000003,Chancos,1,1007,4695,1006,chronological,Ridge,1.8498037601830881,0.9760932251208316,0.8054698315873086,0.8483515864179656,-0.3463250516303267,0.004
P00000003,Chancos,1,1007,4695,1006,chronological,RandomForest,2.177444401751758,1.1081713941569926,0.7304559209816575,0.7083294782274512,-0.5847886190481337,0.442
P00000003,Chancos,1,1007,4695,1006,chronological,GradientBoosting,2.1613964440082216,1.1196881226660995,0.734414407215838,0.7069483535673319,-0.5731085868183963,1.804
P00000003,Chancos,1,1007,4695,1006,chronological,MLP,2.115921814634058,1.1746932127804999,0.7454724019995459,0.826240161117219,-0.5400112204610152,0.693
P00000003,Chancos,1,1007,4695,1006,chronological,XGBoost,2.211340852929885,1.1002515399623072,0.7219985728139692,0.6923520042652587,-0.6094591502497566,0.378
P00000003,Chancos,7,1006,4691,1005,chronological,persistence,3.005047817029125,1.7361979972019732,0.486884817356922,0.7429920300771495,0.0,
P00000003,Chancos,7,1006,4691,1005,chronological,climatology,2.782469856723787,1.7592142945931093,0.560080687800857,0.5082620704713297,0.07406802615386832,
P00000003,Chancos,7,1006,4691,1005,chronological,Ridge,2.686298809619884,1.5732600841841597,0.5899651874311982,0.6512448853543839,0.10607119314472857,0.002
P00000003,Chancos,7,1006,4691,1005,chronological,RandomForest,2.6972322044445565,1.5629885321710169,0.5866206632356619,0.6042021967979905,0.10243285009983094,0.506
P00000003,Chancos,7,1006,4691,1005,chronological,GradientBoosting,2.761057634353579,1.5656045568655683,0.5668253474928611,0.5791497016504256,0.08119344434151521,1.915
P00000003,Chancos,7,1006,4691,1005,chronological,MLP,3.1591793582177017,1.9244452145613744,0.43289868090734873,0.682660991186132,-0.05129087807359922,0.964
P00000003,Chancos,7,1006,4691,1005,chronological,XGBoost,2.7256406365198718,1.5468985638998716,0.5778670213217896,0.6012097942697299,0.0929792793731592,0.364
P00000016,Pachacoto,1,1001,4669,1000,chronological,persistence,1.1693058726339418,0.637912087912088,0.9393779815004988,0.9696626889551695,0.0,
P00000016,Pachacoto,1,1001,4669,1000,chronological,climatology,2.9977668048440163,1.688743980419598,0.6015536768903385,0.5954640593571512,-1.5637148286028366,
P00000016,Pachacoto,1,1001,4669,1000,chronological,Ridge,1.6865254569790902,1.01151636664164,0.8738869779112591,0.8909789683036504,-0.4423304427438439,0.002
P00000016,Pachacoto,1,1001,4669,1000,chronological,RandomForest,1.8402782799647612,1.0417489552357921,0.8498445389722962,0.8539955287685806,-0.5738211216021758,0.468
P00000016,Pachacoto,1,1001,4669,1000,chronological,GradientBoosting,1.8051803764215508,1.0246908842028806,0.8555174697513611,0.8624272069470702,-0.5438051058062832,1.805
P00000016,Pachacoto,1,1001,4669,1000,chronological,MLP,1.740694096508189,1.038700648743555,0.8656557621423593,0.8794768096240949,-0.4886559088146507,0.321
P00000016,Pachacoto,1,1001,4669,1000,chronological,XGBoost,1.8458840122805595,1.0417714893186723,0.8489283586943331,0.8563854401751523,-0.5786151899866705,0.328
P00000016,Pachacoto,7,1001,4664,999,chronological,persistence,2.8620331001813146,1.7056243756243756,0.6368187363263937,0.8178378060568218,0.0,
P00000016,Pachacoto,7,1001,4664,999,chronological,climatology,3.001222148216008,1.6926248306774936,0.6006346178639536,0.5925202189476858,-0.04863292741997838,
P00000016,Pachacoto,7,1001,4664,999,chronological,Ridge,2.8064925359778066,1.693552687014535,0.6507777435921591,0.6962704897709262,0.01940598248147074,0.002
P00000016,Pachacoto,7,1001,4664,999,chronological,RandomForest,2.9648026020122518,1.6852329661598118,0.6102683310373953,0.6388783282985235,-0.03590786627325393,0.487
P00000016,Pachacoto,7,1001,4664,999,chronological,GradientBoosting,2.862371697826351,1.5876818858043955,0.6367327977012834,0.660230538689163,-0.00011830668380974352,1.752
P00000016,Pachacoto,7,1001,4664,999,chronological,MLP,2.9763822189460947,1.6456872524976538,0.6072180392422464,0.6518834802469913,-0.03995380722799324,0.815
P00000016,Pachacoto,7,1001,4664,999,chronological,XGBoost,3.0620339082227006,1.6836920660335222,0.584286505532684,0.6525702105051303,-0.0698806760930597,0.422
P00000055,Puente Isla Cabanillas,1,982,4578,981,chronological,persistence,11.073043613260293,4.690050916496945,0.9021008038660889,0.9510504194423482,0.0,
P00000055,Puente Isla Cabanillas,1,982,4578,981,chronological,climatology,28.473844821003457,15.977201990259926,0.3526527125609855,0.506264511906994,-1.5714560346267579,
P00000055,Puente Isla Cabanillas,1,982,4578,981,chronological,Ridge,13.841700046619321,8.081020631018058,0.8470237634971679,0.8953423843281509,-0.2500357200836347,0.002
P00000055,Puente Isla Cabanillas,1,982,4578,981,chronological,RandomForest,13.315795365817022,6.512415736135987,0.858427360362247,0.9045505260906651,-0.20254158033577774,0.635
P00000055,Puente Isla Cabanillas,1,982,4578,981,chronological,GradientBoosting,12.823220404829353,6.627297740655367,0.8687076811640386,0.895953704185425,-0.1580574278126361,1.766
P00000055,Puente Isla Cabanillas,1,982,4578,981,chronological,MLP,12.692743910415262,6.546600544754089,0.8713658916734125,0.9123294881625897,-0.1462741730029249,0.522
P00000055,Puente Isla Cabanillas,1,982,4578,981,chronological,XGBoost,12.945515836369362,6.497606234179268,0.8661914620391704,0.9012349809716277,-0.16910185568733138,0.459
P00000055,Puente Isla Cabanillas,7,981,4574,980,chronological,persistence,25.96303481617393,12.566330275229358,0.4622403270650991,0.7311699370953256,0.0,
P00000055,Puente Isla Cabanillas,7,981,4574,980,chronological,climatology,28.495412454173252,15.92627438092652,0.3522204782353673,0.508844551990878,-0.09753781312274601,
P00000055,Puente Isla Cabanillas,7,981,4574,980,chronological,Ridge,23.737147211013053,14.282564570418312,0.5504951666696882,0.674261471462168,0.08573295151821925,0.002
P00000055,Puente Isla Cabanillas,7,981,4574,980,chronological,RandomForest,27.631178676857623,14.602306465182066,0.39091747147393974,0.6259688884416694,-0.06425072694677847,0.587
P00000055,Puente Isla Cabanillas,7,981,4574,980,chronological,GradientBoosting,25.644398866578562,13.952851577111575,0.47535883237758025,0.6385586498368322,0.012272677360385842,1.702
P00000055,Puente Isla Cabanillas,7,981,4574,980,chronological,MLP,24.44662935749081,13.398344586085813,0.5232230009565457,0.6794964198371309,0.05840632535524937,0.63
P00000055,Puente Isla Cabanillas,7,981,4574,980,chronological,XGBoost,27.156315487458528,14.739985704074712,0.4116726876932554,0.6263134579335619,-0.0459607545779368,0.358
P00000011,Llanganuco,1,956,4456,955,chronological,persistence,0.17726161311236627,0.10001046025104604,0.9793466320879276,0.9895858436677235,0.0,
P00000011,Llanganuco,1,956,4456,955,chronological,climatology,0.867915213837848,0.7103943266513264,0.5048735928134955,0.7487819180128077,-3.896238946486829,
P00000011,Llanganuco,1,956,4456,955,chronological,Ridge,0.2651296300666688,0.16410222661897614,0.9537961655705478,0.9706460566825208,-0.4956968145077352,0.002
P00000011,Llanganuco,1,956,4456,955,chronological,RandomForest,0.282113780633318,0.1752823722132425,0.9476869442402542,0.9731777283718235,-0.5915108504314799,0.416
P00000011,Llanganuco,1,956,4456,955,chronological,GradientBoosting,0.2755258053872614,0.17748659773693118,0.9501016657013914,0.9723673514188754,-0.5543455830597988,1.583
P00000011,Llanganuco,1,956,4456,955,chronological,MLP,0.31738675683081513,0.211321525951156,0.9337876365422594,0.963060924351751,-0.7904990892169272,0.49
P00000011,Llanganuco,1,956,4456,955,chronological,XGBoost,0.2797248252147431,0.17915534147657614,0.9485691727947637,0.9703967366432911,-0.5780338467157318,0.393
P00000011,Llanganuco,7,955,4452,954,chronological,persistence,0.4866279901123634,0.3323861256544503,0.8445094424734202,0.9213483921574116,0.0,
P00000011,Llanganuco,7,955,4452,954,chronological,climatology,0.860359951997535,0.7077075298275851,0.5139620017738307,0.747686014287628,-0.7680034224888628,
P00000011,Llanganuco,7,955,4452,954,chronological,Ridge,0.45814895470031086,0.32435286351487164,0.8621765077044032,0.9099504501479655,0.05852321689403173,0.002
P00000011,Llanganuco,7,955,4452,954,chronological,RandomForest,0.47595215212451514,0.33711101164662266,0.8512570330455776,0.9088090708902282,0.021938396896124313,0.507
P00000011,Llanganuco,7,955,4452,954,chronological,GradientBoosting,0.46098391537478334,0.33306256760184216,0.8604655661011144,0.9237647075924186,0.05269749225000153,1.69
P00000011,Llanganuco,7,955,4452,954,chronological,MLP,0.5335544270552284,0.38092880912979976,0.8130750360109104,0.8758786159421365,-0.09643184916681324,1.389
P00000011,Llanganuco,7,955,4452,954,chronological,XGBoost,0.45693079763997324,0.325988664861749,0.8629084419761989,0.9110947445731429,0.06102647828690044,0.317
P00000040,Ocoña,1,852,3968,850,chronological,persistence,38.38073463389372,14.281542253521126,0.9351567409613399,0.9675647524731394,0.0,
P00000040,Ocoña,1,852,3968,850,chronological,climatology,103.53895261172694,45.75048055503082,0.5281045358734497,0.4449158825063706,-1.6976803231976838,
P00000040,Ocoña,1,852,3968,850,chronological,Ridge,59.03594391048535,26.54720333287544,0.8465837754052533,0.8858505774987984,-0.5381660740373424,0.002
P00000040,Ocoña,1,852,3968,850,chronological,RandomForest,58.33701569075013,23.130271823180376,0.8501948702855517,0.864275910418788,-0.5199556821206122,0.351
P00000040,Ocoña,1,852,3968,850,chronological,GradientBoosting,58.39566716619028,24.023368188051922,0.8498934935829928,0.8768815191706818,-0.5214838309692367,1.216
P00000040,Ocoña,1,852,3968,850,chronological,MLP,58.20979997618672,25.8694722426661,0.8508475189323358,0.8981565945735809,-0.5166411099589041,0.54
P00000040,Ocoña,1,852,3968,850,chronological,XGBoost,61.45214696358112,24.887926185804574,0.8337688577480584,0.8439668441205259,-0.6011196124764435,0.405
P00000040,Ocoña,7,851,3964,849,chronological,persistence,96.04685751999713,42.16897953108388,0.5944031320705894,0.796960966701887,0.0,
P00000040,Ocoña,7,851,3964,849,chronological,climatology,103.87920576021675,45.92156252063411,0.5255553941342679,0.4402471850115235,-0.08154715773588861,
P00000040,Ocoña,7,851,3964,849,chronological,Ridge,91.42122427206866,50.4174831551263,0.6325296202208108,0.6726896223780753,0.04816017272574913,0.003
P00000040,Ocoña,7,851,3964,849,chronological,RandomForest,94.71892698475224,43.05348833884602,0.6055410525481526,0.5923875578988473,0.01382586135073094,0.759
P00000040,Ocoña,7,851,3964,849,chronological,GradientBoosting,98.5517085407865,46.346482508655136,0.5729717682500006,0.5906482993158246,-0.026079468766251557,1.39
P00000040,Ocoña,7,851,3964,849,chronological,MLP,86.2808907636038,42.242684166623114,0.6726913275125417,0.6835581435419806,0.1016791908507787,0.895
P00000040,Ocoña,7,851,3964,849,chronological,XGBoost,97.81760979044712,45.745925633365516,0.5793098288862074,0.6278781055314215,-0.01843633738960504,0.319
